Treatments,Time,BT,BV,CH,BU,CS,CA,DP,DSM,MS001,MS008,MS014
BT-BU-BV-CA-CS-DP,0,0.001666667,0.001666667,0.0,0.001666667,0.001666667,0.001666667,0.001666667,0.0,0.0,0.0,0.0
BT-BU-BV-CA-CS-DP,12,1.116771316,0.190537847,0.0,0.114888978,0.127688512,0.002909606,0.021037117,0.0,0.0,0.0,0.0
BT-BU-BV-CA-CS-DP,24,1.193564205,0.044795902,0.0,0.097576323,0.2977281,0.077204592,0.031380878,0.0,0.0,0.0,0.0
BT-BU-BV-CA-DP,0,0.002,0.002,0.0,0.002,0.0,0.002,0.002,0.0,0.0,0.0,0.0
BT-BU-BV-CA-DP,12,1.116552706,0.312622055,0.0,0.063023773,0.0,0.00105719,0.018077613,0.0,0.0,0.0,0.0
BT-BU-BV-CA-DP,24,1.447190123,0.032820864,0.0,0.054920349,0.0,0.018695981,0.023706044,0.0,0.0,0.0,0.0
BT-BU-CA-CH,0,0.0025,0.0,0.0025,0.0025,0.0,0.0,0.0,0.0,0.0,0.0,0.0
BT-BU-CA-CH,12,1.139664297,0.0,0.036391094,0.358277937,0.0,0.0,0.0,0.0,0.0,0.0,0.0
BT-BU-CA-CH,24,1.012235522,0.0,0.049817724,0.224113412,0.0,0.0,0.0,0.0,0.0,0.0,0.0
BT-BU-CA-CH-CS,0,0.002,0.0,0.002,0.002,0.002,0.002,0.0,0.0,0.0,0.0,0.0
BT-BU-CA-CH-CS,12,1.270747779,0.0,0.087265923,0.461787571,0.047855163,0.001343611,0.0,0.0,0.0,0.0,0.0
BT-BU-CA-CH-CS,24,0.977195438,0.0,0.089504928,0.185898014,0.048784681,0.001950231,0.0,0.0,0.0,0.0,0.0
BT-BU-CA-CS-DP,0,0.002,0.0,0.0,0.002,0.002,0.002,0.002,0.0,0.0,0.0,0.0
BT-BU-CA-CS-DP,12,1.232272221,0.0,0.0,0.234309324,0.236466613,0.002985826,0.033632677,0.0,0.0,0.0,0.0
BT-BU-CA-CS-DP,24,1.308652061,0.0,0.0,0.128949249,0.278622409,0.049493299,0.042949619,0.0,0.0,0.0,0.0
BT-BU-CA-MS008-CH-CS,0,0.001666667,0.0,0.001666667,0.001666667,0.001666667,0.001666667,0.0,0.0,0.0,0.001666667,0.0
BT-BU-CA-MS008-CH-CS,12,1.089964092,0.0,0.040147332,0.451911507,0.028827493,0.002351274,0.0,0.0,0.0,0.226798307,0.0
BT-BU-CA-MS008-CH-CS,24,0.940326531,0.0,0.038717718,0.249233681,0.027267236,0.004108026,0.0,0.0,0.0,0.288013447,0.0
BT-BU-CH-DP,0,0.0025,0.0,0.0025,0.0025,0.0,0.0,0.0025,0.0,0.0,0.0,0.0
BT-BU-CH-DP,12,1.228591776,0.0,0.066941229,0.418825353,0.0,0.0,0.039808325,0.0,0.0,0.0,0.0
BT-BU-CH-DP,24,1.051998415,0.0,0.240207582,0.28385646,0.0,0.0,0.03960419,0.0,0.0,0.0,0.0
BT-BU-MS014-CH-DP,0,0.002,0.0,0.002,0.002,0.0,0.0,0.002,0.0,0.0,0.0,0.002
BT-BU-MS014-CH-DP,12,1.11346098,0.0,0.049524116,0.499408823,0.0,0.0,0.042014833,0.0,0.0,0.0,0.317424607
BT-BU-MS014-CH-DP,24,1.071572999,0.0,0.032677717,0.408933615,0.0,0.0,0.026260518,0.0,0.0,0.0,0.216721768
BT-BV-CA-CS-DP,0,0.002,0.002,0.0,0.0,0.002,0.002,0.002,0.0,0.0,0.0,0.0
BT-BV-CA-CS-DP,12,1.130309385,0.392285992,0.0,0.0,0.129721089,0.001182816,0.02150071,0.0,0.0,0.0,0.0
BT-BV-CA-CS-DP,24,1.479136861,0.049051487,0.0,0.0,0.250996723,0.026700729,0.025947523,0.0,0.0,0.0,0.0
BT-BV-CH-BU-CS-CA-DP_0,0,0.001428571,0.001428571,0.001428571,0.001428571,0.001428571,0.001428571,0.001428571,0.0,0.0,0.0,0.0
BT-BV-CH-BU-CS-CA-DP_0,12,1.104770133,0.179777551,0.212015752,0.401490514,0.021472142,0.018853547,0.046787036,0.0,0.0,0.0,0.0
BT-BV-CH-BU-CS-CA-DP_0,24,1.04351902,0.026561931,0.191174923,0.303696177,0.039351074,0.028245874,0.059284295,0.0,0.0,0.0,0.0
BT-BV-CH-DP,0,0.0025,0.0025,0.0025,0.0,0.0,0.0,0.0025,0.0,0.0,0.0,0.0
BT-BV-CH-DP,12,1.440273149,0.169505055,0.05907313,0.0,0.0,0.0,0.038982025,0.0,0.0,0.0,0.0
BT-BV-CH-DP,24,1.605372493,0.012213557,0.194684569,0.0,0.0,0.0,0.048396053,0.0,0.0,0.0,0.0
BT-BV-DSM-BU-CS-CA-DP_0,0,0.001428571,0.001428571,0.0,0.001428571,0.001428571,0.001428571,0.001428571,0.001428571,0.0,0.0,0.0
BT-BV-DSM-BU-CS-CA-DP_0,12,0.932000344,0.089004374,0.0,0.291357674,0.110835938,0.023785905,0.036213133,0.423802633,0.0,0.0,0.0
BT-BV-DSM-BU-CS-CA-DP_0,24,0.70846961,0.084416003,0.0,0.197912986,0.198545283,0.083606545,0.030812308,0.577070579,0.0,0.0,0.0
BT-BV-DSM-CH-BU-CA-DP_0,0,0.001428571,0.001428571,0.001428571,0.001428571,0.0,0.001428571,0.001428571,0.001428571,0.0,0.0,0.0
BT-BV-DSM-CH-BU-CA-DP_0,12,0.813182263,0.09684879,0.221925337,0.465839563,0.0,0.014800791,0.048166179,0.214570373,0.0,0.0,0.0
BT-BV-DSM-CH-BU-CA-DP_0,24,0.916013137,0.021785618,0.177654735,0.395551563,0.0,0.015594671,0.054078452,0.268988464,0.0,0.0,0.0
BT-BV-DSM-CH-BU-CS-CA_0,0,0.001428571,0.001428571,0.001428571,0.001428571,0.001428571,0.001428571,0.0,0.001428571,0.0,0.0,0.0
BT-BV-DSM-CH-BU-CS-CA_0,12,0.819566081,0.165307217,0.185107617,0.408795856,0.074406986,0.015861436,0.0,0.144121451,0.0,0.0,0.0
BT-BV-DSM-CH-BU-CS-CA_0,24,0.839403698,0.042994346,0.07856605,0.255850761,0.126104254,0.03709097,0.0,0.261323279,0.0,0.0,0.0
BT-BV-DSM-CH-BU-CS-DP_0,0,0.001428571,0.001428571,0.001428571,0.001428571,0.001428571,0.0,0.001428571,0.001428571,0.0,0.0,0.0
BT-BV-DSM-CH-BU-CS-DP_0,12,0.87964821,0.114830625,0.161537541,0.52040664,0.031488452,0.0,0.056743312,0.222011894,0.0,0.0,0.0
BT-BV-DSM-CH-BU-CS-DP_0,24,0.650796923,0.027637049,0.190669461,0.31255742,0.05002556,0.0,0.037360614,0.266119629,0.0,0.0,0.0
BT-BV-DSM-CH-CS-CA-DP_0,0,0.001428571,0.001428571,0.001428571,0.0,0.001428571,0.001428571,0.001428571,0.001428571,0.0,0.0,0.0
BT-BV-DSM-CH-CS-CA-DP_0,12,1.108842269,0.186165684,0.126407964,0.0,0.044726941,0.031072291,0.07630086,0.282150634,0.0,0.0,0.0
BT-BV-DSM-CH-CS-CA-DP_0,24,1.087221295,0.069186742,0.093452461,0.0,0.089799211,0.03188087,0.083897151,0.428062245,0.0,0.0,0.0
BT-BV-MS001-BU-CS-CA-DP_0,0,0.001428571,0.001428571,0.0,0.001428571,0.001428571,0.001428571,0.001428571,0.0,0.001428571,0.0,0.0
BT-BV-MS001-BU-CS-CA-DP_0,12,0.64709308,0.088616829,0.0,0.292826327,0.067192825,0.017417236,0.021701213,0.0,0.64665243,0.0,0.0
BT-BV-MS001-BU-CS-CA-DP_0,24,0.666666238,0.026042711,0.0,0.217456601,0.136722092,0.102708403,0.023794824,0.0,0.72910913,0.0,0.0
BT-BV-MS001-CH-BU-CA-DP_0,0,0.001428571,0.001428571,0.001428571,0.001428571,0.0,0.001428571,0.001428571,0.0,0.001428571,0.0,0.0
BT-BV-MS001-CH-BU-CA-DP_0,12,0.703554638,0.071733231,0.090608995,0.391390906,0.0,0.011245296,0.033053445,0.0,0.50624681,0.0,0.0
BT-BV-MS001-CH-BU-CA-DP_0,24,0.906411204,0.01706892,0.115603698,0.311760021,0.0,0.019143394,0.035699514,0.0,0.743146581,0.0,0.0
BT-BV-MS001-CH-BU-CS-CA_0,0,0.001428571,0.001428571,0.001428571,0.001428571,0.001428571,0.001428571,0.0,0.0,0.001428571,0.0,0.0
BT-BV-MS001-CH-BU-CS-CA_0,12,0.677593379,0.095470657,0.07542082,0.316027569,0.050727722,0.010605657,0.0,0.0,0.595320826,0.0,0.0
BT-BV-MS001-CH-BU-CS-CA_0,24,0.626334127,0.021890674,0.049638765,0.203109957,0.06841331,0.026039669,0.0,0.0,0.617406845,0.0,0.0
BT-BV-MS001-CH-BU-CS-DP_0,0,0.001428571,0.001428571,0.001428571,0.001428571,0.001428571,0.0,0.001428571,0.0,0.001428571,0.0,0.0
BT-BV-MS001-CH-BU-CS-DP_0,12,0.683111669,0.086270688,0.108798586,0.375158092,0.02644671,0.0,0.026503928,0.0,0.543376968,0.0,0.0
BT-BV-MS001-CH-BU-CS-DP_0,24,0.656287565,0.011481231,0.081872147,0.298780492,0.086965211,0.0,0.020808276,0.0,0.581471762,0.0,0.0
BT-BV-MS001-CH-CS-CA-DP_0,0,0.001428571,0.001428571,0.001428571,0.0,0.001428571,0.001428571,0.001428571,0.0,0.001428571,0.0,0.0
BT-BV-MS001-CH-CS-CA-DP_0,12,1.07483369,0.098214733,0.079807893,0.0,0.029112614,0.020091681,0.045720534,0.0,0.536802196,0.0,0.0
BT-BV-MS001-CH-CS-CA-DP_0,24,0.994797034,0.016398097,0.092263819,0.0,0.061363129,0.065923958,0.051347453,0.0,0.62707319,0.0,0.0
BT-BV-MS008-BU-CS-CA-DP_0,0,0.001428571,0.001428571,0.0,0.001428571,0.001428571,0.001428571,0.001428571,0.0,0.0,0.001428571,0.0
BT-BV-MS008-BU-CS-CA-DP_0,12,0.620965878,0.051688696,0.0,0.317193346,0.064475921,0.019695779,0.020789637,0.0,0.0,0.716357402,0.0
BT-BV-MS008-BU-CS-CA-DP_0,24,0.533461481,0.083184839,0.0,0.191836029,0.097406524,0.111149266,0.023821858,0.0,0.0,0.806973356,0.0
BT-BV-MS008-CH-BU-CA-DP_0,0,0.001428571,0.001428571,0.001428571,0.001428571,0.0,0.001428571,0.001428571,0.0,0.0,0.001428571,0.0
BT-BV-MS008-CH-BU-CA-DP_0,12,0.593304849,0.076308162,0.106027283,0.372760447,0.0,0.013462371,0.029741717,0.0,0.0,0.614228508,0.0
BT-BV-MS008-CH-BU-CA-DP_0,24,0.675428481,0.023305986,0.129234917,0.34982781,0.0,0.018027764,0.032392272,0.0,0.0,0.745282779,0.0
BT-BV-MS008-CH-BU-CS-CA_0,0,0.001428571,0.001428571,0.001428571,0.001428571,0.001428571,0.001428571,0.0,0.0,0.0,0.001428571,0.0
BT-BV-MS008-CH-BU-CS-CA_0,12,0.704108903,0.122795861,0.110329856,0.340430634,0.063948969,0.011806794,0.0,0.0,0.0,0.422412258,0.0
BT-BV-MS008-CH-BU-CS-CA_0,24,0.552668372,0.024212173,0.056191283,0.241267738,0.050884232,0.036445828,0.0,0.0,0.0,0.689997042,0.0
BT-BV-MS008-CH-BU-CS-DP_0,0,0.001428571,0.001428571,0.001428571,0.001428571,0.001428571,0.0,0.001428571,0.0,0.0,0.001428571,0.0
BT-BV-MS008-CH-BU-CS-DP_0,12,0.664136366,0.076122944,0.11809854,0.429682312,0.022726068,0.0,0.034150354,0.0,0.0,0.555583432,0.0
BT-BV-MS008-CH-BU-CS-DP_0,24,0.683514544,0.025201036,0.119147031,0.335286809,0.052764147,0.0,0.032422959,0.0,0.0,0.591663484,0.0
BT-BV-MS008-CH-CS-CA-DP_0,0,0.001428571,0.001428571,0.001428571,0.0,0.001428571,0.001428571,0.001428571,0.0,0.0,0.001428571,0.0
BT-BV-MS008-CH-CS-CA-DP_0,12,1.001764805,0.123252584,0.09863051,0.0,0.023214608,0.024903187,0.049695411,0.0,0.0,0.551372173,0.0
BT-BV-MS008-CH-CS-CA-DP_0,24,1.014694372,0.045698535,0.110891271,0.0,0.045747008,0.064289051,0.05434563,0.0,0.0,0.719334107,0.0
BT-BV-MS014-BU-CS-CA-DP_0,0,0.001428571,0.001428571,0.0,0.001428571,0.001428571,0.001428571,0.001428571,0.0,0.0,0.0,0.001428571
BT-BV-MS014-BU-CS-CA-DP_0,12,0.660482988,0.047684671,0.0,0.32357306,0.081338199,0.031466646,0.024665554,0.0,0.0,0.0,0.637122202
BT-BV-MS014-BU-CS-CA-DP_0,24,0.512601042,0.121056219,0.0,0.222210273,0.116417441,0.107063495,0.026867508,0.0,0.0,0.0,0.767450672
BT-BV-MS014-CH-BU-CA-DP_0,0,0.001428571,0.001428571,0.001428571,0.001428571,0.0,0.001428571,0.001428571,0.0,0.0,0.0,0.001428571
BT-BV-MS014-CH-BU-CA-DP_0,12,0.705446161,0.101523539,0.124171297,0.400372035,0.0,0.01684758,0.041609436,0.0,0.0,0.0,0.505029948
BT-BV-MS014-CH-BU-CA-DP_0,24,0.744873311,0.027299418,0.104757753,0.380907414,0.0,0.02287947,0.041802164,0.0,0.0,0.0,0.593813813
BT-BV-MS014-CH-BU-CS-CA_0,0,0.001428571,0.001428571,0.001428571,0.001428571,0.001428571,0.001428571,0.0,0.0,0.0,0.0,0.001428571
BT-BV-MS014-CH-BU-CS-CA_0,12,0.67275859,0.109200306,0.110516024,0.308445582,0.066236447,0.016856878,0.0,0.0,0.0,0.0,0.532152819
BT-BV-MS014-CH-BU-CS-CA_0,24,0.617289003,0.025576239,0.088544166,0.215735466,0.079536375,0.042026864,0.0,0.0,0.0,0.0,0.623125181
BT-BV-MS014-CH-CS-CA-DP_0,0,0.001428571,0.001428571,0.001428571,0.0,0.001428571,0.001428571,0.001428571,0.0,0.0,0.0,0.001428571
BT-BV-MS014-CH-CS-CA-DP_0,12,0.914455272,0.093995126,0.084624968,0.0,0.034549532,0.034007845,0.057850899,0.0,0.0,0.0,0.600349733
BT-BV-MS014-CH-CS-CA-DP_0,24,0.799922337,0.043153535,0.090525061,0.0,0.056599766,0.05973959,0.064545847,0.0,0.0,0.0,0.680180568
BT-CA-CH-CS-DP,0,0.002,0.0,0.002,0.0,0.002,0.002,0.002,0.0,0.0,0.0,0.0
BT-CA-CH-CS-DP,12,1.521009985,0.0,0.0317617,0.0,0.010003916,0.000971012,0.068586736,0.0,0.0,0.0,0.0
BT-CA-CH-CS-DP,24,1.583818709,0.0,0.090724888,0.0,0.025954254,0.000770243,0.109065238,0.0,0.0,0.0,0.0
BT-CA_0,0,0.005,0.0,0.0,0.0,0.0,0.005,0.0,0.0,0.0,0.0,0.0
BT-CA_0,12,1.715623174,0.0,0.0,0.0,0.0,0.048043501,0.0,0.0,0.0,0.0,0.0
BT-CA_0,24,1.44498783,0.0,0.0,0.0,0.0,0.046512166,0.0,0.0,0.0,0.0,0.0
BT-DSM-CH-BU-CS-CA-DP_0,0,0.001428571,0.0,0.001428571,0.001428571,0.001428571,0.001428571,0.001428571,0.001428571,0.0,0.0,0.0
BT-DSM-CH-BU-CS-CA-DP_0,12,0.899312117,0.0,0.192559568,0.597459188,0.028895496,0.012783932,0.068066678,0.219256353,0.0,0.0,0.0
BT-DSM-CH-BU-CS-CA-DP_0,24,0.822059864,0.0,0.187882114,0.293084379,0.047671358,0.017631696,0.058985898,0.216018034,0.0,0.0,0.0
BT-MS001-CH-BU-CS-CA-DP_0,0,0.001428571,0.0,0.001428571,0.001428571,0.001428571,0.001428571,0.001428571,0.0,0.001428571,0.0,0.0
BT-MS001-CH-BU-CS-CA-DP_0,12,0.756708922,0.0,0.100994222,0.477315436,0.017373725,0.011090124,0.038112876,0.0,0.461238003,0.0,0.0
BT-MS001-CH-BU-CS-CA-DP_0,24,0.68899837,0.0,0.096550713,0.292102129,0.042922601,0.021419684,0.025440925,0.0,0.48956557,0.0,0.0
BT-MS008-CH-BU-CS-CA-DP_0,0,0.001428571,0.0,0.001428571,0.001428571,0.001428571,0.001428571,0.001428571,0.0,0.0,0.001428571,0.0
BT-MS008-CH-BU-CS-CA-DP_0,12,0.798590459,0.0,0.114648746,0.525544991,0.020326089,0.012259416,0.044930765,0.0,0.0,0.479032874,0.0
BT-MS008-CH-BU-CS-CA-DP_0,24,0.731420935,0.0,0.135784302,0.364330894,0.042528862,0.027148206,0.04193482,0.0,0.0,0.549851994,0.0
BT-MS014-CH-BU-CS-CA-DP_0,0,0.001428571,0.0,0.001428571,0.001428571,0.001428571,0.001428571,0.001428571,0.0,0.0,0.0,0.001428571
BT-MS014-CH-BU-CS-CA-DP_0,12,0.797741266,0.0,0.107328258,0.533043085,0.023880765,0.013958378,0.062134693,0.0,0.0,0.0,0.442580228
BT-MS014-CH-BU-CS-CA-DP_0,24,0.767546868,0.0,0.080393679,0.322703459,0.046312235,0.021189204,0.075656897,0.0,0.0,0.0,0.456697659
BU-BV-CA-CH,0,0.0,0.0025,0.0025,0.0025,0.0,0.0025,0.0,0.0,0.0,0.0,0.0
BU-BV-CA-CH,12,0.0,0.418207935,0.060829494,1.017512405,0.0,0.004616788,0.0,0.0,0.0,0.0,0.0
BU-BV-CA-CH,24,0.0,0.056462061,0.355881239,1.073693261,0.0,0.029296744,0.0,0.0,0.0,0.0,0.0
BU-BV-CA-CH-CS,0,0.0,0.002,0.002,0.002,0.002,0.002,0.0,0.0,0.0,0.0,0.0
BU-BV-CA-CH-CS,12,0.0,0.321803137,0.072831272,0.57410633,0.136334483,0.004258164,0.0,0.0,0.0,0.0,0.0
BU-BV-CA-CH-CS,24,0.0,0.127546768,0.43116896,0.561833369,0.298582341,0.023035228,0.0,0.0,0.0,0.0,0.0
BU-BV-CA-CH-CS-DP,0,0.0,0.001666667,0.001666667,0.001666667,0.001666667,0.001666667,0.001666667,0.0,0.0,0.0,0.0
BU-BV-CA-CH-CS-DP,12,0.0,0.281541356,0.060806924,0.742505622,0.077847677,0.010248196,0.212716854,0.0,0.0,0.0,0.0
BU-BV-CA-CH-CS-DP,24,0.0,0.043221798,0.277756569,0.778515616,0.122401217,0.010397655,0.221207138,0.0,0.0,0.0,0.0
BU-BV-CA-CH-DP,0,0.0,0.002,0.002,0.002,0.0,0.002,0.002,0.0,0.0,0.0,0.0
BU-BV-CA-CH-DP,12,0.0,0.262222094,0.068481638,0.83136618,0.0,0.006034828,0.099728572,0.0,0.0,0.0,0.0
BU-BV-CA-CH-DP,24,0.0,0.057940408,0.406095834,0.830293561,0.0,0.010589086,0.143081084,0.0,0.0,0.0,0.0
BU-BV-CA-CS,0,0.0,0.0025,0.0,0.0025,0.0025,0.0025,0.0,0.0,0.0,0.0,0.0
BU-BV-CA-CS,12,0.0,0.960231878,0.0,0.223044573,0.220183258,0.004040299,0.0,0.0,0.0,0.0,0.0
BU-BV-CA-CS,24,0.0,1.015951532,0.0,0.130373325,0.216406416,0.108602031,0.0,0.0,0.0,0.0,0.0
BU-BV-CA-DP,0,0.0,0.0025,0.0,0.0025,0.0,0.0025,0.0025,0.0,0.0,0.0,0.0
BU-BV-CA-DP,12,0.0,1.019240531,0.0,0.329023246,0.0,0.00386736,0.075035573,0.0,0.0,0.0,0.0
BU-BV-CA-DP,24,0.0,0.741704267,0.0,0.475167701,0.0,0.081425461,0.130869266,0.0,0.0,0.0,0.0
BU-BV-CA-DSM-CH,0,0.0,0.002,0.002,0.002,0.0,0.002,0.0,0.002,0.0,0.0,0.0
BU-BV-CA-DSM-CH,12,0.0,0.471705394,0.154877671,1.109022068,0.0,0.025526594,0.0,0.059534963,0.0,0.0,0.0
BU-BV-CA-DSM-CH,24,0.0,0.117204016,0.210365519,0.750442492,0.0,0.054080999,0.0,0.168906944,0.0,0.0,0.0
BU-BV-CA-DSM-CH-CS,0,0.0,0.001666667,0.001666667,0.001666667,0.001666667,0.001666667,0.0,0.001666667,0.0,0.0,0.0
BU-BV-CA-DSM-CH-CS,12,0.0,0.327054177,0.139345868,0.720322563,0.081290788,0.014074667,0.0,0.074578621,0.0,0.0,0.0
BU-BV-CA-DSM-CH-CS,24,0.0,0.067127938,0.220676243,0.824473874,0.138589296,0.035804728,0.0,0.212827899,0.0,0.0,0.0
BU-BV-CA-DSM-CS,0,0.0,0.002,0.0,0.002,0.002,0.002,0.0,0.002,0.0,0.0,0.0
BU-BV-CA-DSM-CS,12,0.0,0.286887916,0.0,0.533302807,0.062426725,0.024470807,0.0,0.411911721,0.0,0.0,0.0
BU-BV-CA-DSM-CS,24,0.0,0.117419544,0.0,0.23294533,0.140287402,0.175153788,0.0,0.645193876,0.0,0.0,0.0
BU-BV-CA-MS001-CH-CS,0,0.0,0.001666667,0.001666667,0.001666667,0.001666667,0.001666667,0.0,0.0,0.001666667,0.0,0.0
BU-BV-CA-MS001-CH-CS,12,0.0,0.196847835,0.027735338,0.737340425,0.049112375,0.012102874,0.0,0.0,0.466361208,0.0,0.0
BU-BV-CA-MS001-CH-DP,0,0.0,0.001666667,0.001666667,0.001666667,0.0,0.001666667,0.001666667,0.0,0.001666667,0.0,0.0
BU-BV-CA-MS001-CH-DP,12,0.0,0.245646482,0.029916298,0.685163497,0.0,0.017333679,0.21398249,0.0,0.276790891,0.0,0.0
BU-BV-CA-MS001-CH-DP,24,0.0,0.103040913,0.051441018,0.66420582,0.0,0.006508636,0.241965323,0.0,0.347504913,0.0,0.0
BU-BV-CA-MS008-CH-CS,0,0.0,0.001666667,0.001666667,0.001666667,0.001666667,0.001666667,0.0,0.0,0.0,0.001666667,0.0
BU-BV-CA-MS008-CH-CS,12,0.0,0.132820671,0.043926319,0.801336868,0.056369977,0.008463583,0.0,0.0,0.0,0.424415918,0.0
BU-BV-CA-MS008-CH-CS,24,0.0,0.02813065,0.032255528,0.396130095,0.050033455,0.019583384,0.0,0.0,0.0,0.455533558,0.0
BU-BV-CA-MS008-CH-DP,0,0.0,0.001666667,0.001666667,0.001666667,0.0,0.001666667,0.001666667,0.0,0.0,0.001666667,0.0
BU-BV-CA-MS008-CH-DP,12,0.0,0.258417489,0.023111818,0.644231544,0.0,0.002578102,0.034682331,0.0,0.0,0.261645351,0.0
BU-BV-CA-MS008-CH-DP,24,0.0,0.044004203,0.083806142,0.767182729,0.0,0.008474374,0.120114351,0.0,0.0,0.507918174,0.0
BU-BV-CA-MS014-CH-DP,0,0.0,0.001666667,0.001666667,0.001666667,0.0,0.001666667,0.001666667,0.0,0.0,0.0,0.001666667
BU-BV-CA-MS014-CH-DP,12,0.0,0.401592502,0.033026473,0.664978349,0.0,0.010987334,0.145152864,0.0,0.0,0.0,0.159929117
BU-BV-CA-MS014-CH-DP,24,0.0,0.156558303,0.057345804,0.621626637,0.0,0.007660905,0.142444912,0.0,0.0,0.0,0.268530101
BU-BV-CS-DP,0,0.0,0.0025,0.0,0.0025,0.0025,0.0,0.0025,0.0,0.0,0.0,0.0
BU-BV-CS-DP,12,0.0,0.943281182,0.0,0.219798715,0.271145584,0.0,0.05177449,0.0,0.0,0.0,0.0
BU-BV-CS-DP,24,0.0,0.869351875,0.0,0.176806391,0.359404548,0.0,0.040437176,0.0,0.0,0.0,0.0
BU-BV-DP,0,0.0,0.003333333,0.0,0.003333333,0.0,0.0,0.003333333,0.0,0.0,0.0,0.0
BU-BV-DP,12,0.0,0.833483453,0.0,0.5192192,0.0,0.0,0.163963958,0.0,0.0,0.0,0.0
BU-BV-DP,24,0.0,0.408121376,0.0,0.812054434,0.0,0.0,0.251490835,0.0,0.0,0.0,0.0
BU-BV-DSM-CH-CS,0,0.0,0.002,0.002,0.002,0.002,0.0,0.0,0.002,0.0,0.0,0.0
BU-BV-DSM-CH-CS,12,0.0,0.403375091,0.106744681,1.268392776,0.120671738,0.0,0.0,0.040232365,0.0,0.0,0.0
BU-BV-DSM-CH-CS,24,0.0,0.087881231,0.162980662,0.835891228,0.175300889,0.0,0.0,0.118195971,0.0,0.0,0.0
BU-BV-DSM-CH-DP,0,0.0,0.002,0.002,0.002,0.0,0.0,0.002,0.002,0.0,0.0,0.0
BU-BV-DSM-CH-DP,12,0.0,0.371349208,0.071148342,0.772685094,0.0,0.0,0.20093471,0.070549296,0.0,0.0,0.0
BU-BV-DSM-CH-DP,24,0.0,0.068449047,0.116565626,0.879126155,0.0,0.0,0.245189493,0.106669658,0.0,0.0,0.0
BU-BV-MS001-CH-CS-DP,0,0.0,0.001666667,0.001666667,0.001666667,0.001666667,0.0,0.001666667,0.0,0.001666667,0.0,0.0
BU-BV-MS001-CH-CS-DP,12,0.0,0.213618887,0.058892266,0.549346033,0.023175988,0.0,0.166758055,0.0,0.371708771,0.0,0.0
BU-BV-MS001-CH-CS-DP,24,0.0,0.093228396,0.065385082,0.561466389,0.036892905,0.0,0.175590294,0.0,0.334603617,0.0,0.0
BU-BV-MS008-CH-CS-DP,0,0.0,0.001666667,0.001666667,0.001666667,0.001666667,0.0,0.001666667,0.0,0.0,0.001666667,0.0
BU-BV-MS008-CH-CS-DP,12,0.0,0.129666516,0.051223227,0.66871774,0.020658474,0.0,0.066204528,0.0,0.0,0.371862842,0.0
BU-BV-MS008-CH-CS-DP,24,0.0,0.013039491,0.071074903,0.60933359,0.136339627,0.0,0.084486356,0.0,0.0,0.43505936,0.0
BU-BV-MS014-CH-CS-DP,0,0.0,0.001666667,0.001666667,0.001666667,0.001666667,0.0,0.001666667,0.0,0.0,0.0,0.001666667
BU-BV-MS014-CH-CS-DP,12,0.0,0.258321837,0.052249891,0.684074485,0.034213263,0.0,0.135821165,0.0,0.0,0.0,0.354819326
BU-BV-MS014-CH-CS-DP,24,0.0,0.124577421,0.075541628,0.475890167,0.05765019,0.0,0.101274375,0.0,0.0,0.0,0.282066253
BU-BV-MS014-CH-DP,0,0.0,0.002,0.002,0.002,0.0,0.0,0.002,0.0,0.0,0.0,0.002
BU-BV-MS014-CH-DP,12,0.0,0.305601534,0.037049152,0.74541435,0.0,0.0,0.130194433,0.0,0.0,0.0,0.198073849
BU-BV-MS014-CH-DP,24,0.0,0.133729661,0.065426591,0.751239515,0.0,0.0,0.157298828,0.0,0.0,0.0,0.280138712
BU-BV-MS014-DP,0,0.0,0.0025,0.0,0.0025,0.0,0.0,0.0025,0.0,0.0,0.0,0.0025
BU-BV-MS014-DP,12,0.0,0.285037986,0.0,0.485413713,0.0,0.0,0.039466493,0.0,0.0,0.0,0.414581798
BU-BV-MS014-DP,24,0.0,0.107984345,0.0,0.445453157,0.0,0.0,0.050910173,0.0,0.0,0.0,0.597985647
BU-BV_0,0,0.0,0.005,0.0,0.005,0.0,0.0,0.0,0.0,0.0,0.0,0.0
BU-BV_0,12,0.0,0.677923254,0.0,0.677910064,0.0,0.0,0.0,0.0,0.0,0.0,0.0
BU-BV_0,24,0.0,1.007333068,0.0,0.352166929,0.0,0.0,0.0,0.0,0.0,0.0,0.0
BU-CA-CH-CS,0,0.0,0.0,0.0025,0.0025,0.0025,0.0025,0.0,0.0,0.0,0.0,0.0
BU-CA-CH-CS,12,0.0,0.0,0.05567025,0.723322159,0.103264786,0.002409447,0.0,0.0,0.0,0.0,0.0
BU-CA-CH-CS,24,0.0,0.0,0.113584497,0.530220954,0.440239499,0.009955042,0.0,0.0,0.0,0.0,0.0
BU-CA-CH-DP,0,0.0,0.0,0.0025,0.0025,0.0,0.0025,0.0025,0.0,0.0,0.0,0.0
BU-CA-CH-DP,12,0.0,0.0,0.046802474,0.712456931,0.0,0.004527958,0.122212659,0.0,0.0,0.0,0.0
BU-CA-CH-DP,24,0.0,0.0,0.027729727,0.539385805,0.0,0.003691967,0.822359182,0.0,0.0,0.0,0.0
BU-CA-CS,0,0.0,0.0,0.0,0.003333333,0.003333333,0.003333333,0.0,0.0,0.0,0.0,0.0
BU-CA-CS,12,0.0,0.0,0.0,0.435314629,0.428626737,0.006058609,0.0,0.0,0.0,0.0,0.0
BU-CA-CS,24,0.0,0.0,0.0,0.547458838,0.960406365,0.051634747,0.0,0.0,0.0,0.0,0.0
BU-CA-CS-DP,0,0.0,0.0,0.0,0.0025,0.0025,0.0025,0.0025,0.0,0.0,0.0,0.0
BU-CA-CS-DP,12,0.0,0.0,0.0,0.331473233,0.268899945,0.00466118,0.162965654,0.0,0.0,0.0,0.0
BU-CA-CS-DP,24,0.0,0.0,0.0,0.347596795,0.16857426,0.00358901,0.746406602,0.0,0.0,0.0,0.0
BU-CA-DSM-CH-CS,0,0.0,0.0,0.002,0.002,0.002,0.002,0.0,0.002,0.0,0.0,0.0
BU-CA-DSM-CH-CS,12,0.0,0.0,0.071281813,0.583501499,0.070973789,0.010714421,0.0,0.170861871,0.0,0.0,0.0
BU-CA-DSM-CH-CS,24,0.0,0.0,0.070977396,0.623317283,0.29077001,0.031205182,0.0,0.13689682,0.0,0.0,0.0
BU-CA-DSM-CS,0,0.0,0.0,0.0,0.0025,0.0025,0.0025,0.0,0.0025,0.0,0.0,0.0
BU-CA-DSM-CS,12,0.0,0.0,0.0,0.559675899,0.078618431,0.0142734,0.0,0.458098913,0.0,0.0,0.0
BU-CA-DSM-CS,24,0.0,0.0,0.0,0.430147929,0.100594504,0.029564252,0.0,0.665026579,0.0,0.0,0.0
BU-CA-DSM-CS-DP,0,0.0,0.0,0.0,0.002,0.002,0.002,0.002,0.002,0.0,0.0,0.0
BU-CA-DSM-CS-DP,12,0.0,0.0,0.0,0.43967468,0.01670204,0.008491512,0.193043732,0.437421385,0.0,0.0,0.0
BU-CA-DSM-CS-DP,24,0.0,0.0,0.0,0.48492275,0.049169761,0.005116693,0.514670264,0.750453861,0.0,0.0,0.0
BU-CA-MS001-CH-CS,0,0.0,0.0,0.002,0.002,0.002,0.002,0.0,0.0,0.002,0.0,0.0
BU-CA-MS001-CH-CS,12,0.0,0.0,0.012214006,0.531532285,0.030853721,0.002283376,0.0,0.0,0.394283277,0.0,0.0
BU-CA-MS001-CH-CS,24,0.0,0.0,0.037171035,0.534081222,0.09581001,0.008825883,0.0,0.0,0.485611866,0.0,0.0
BU-CA-MS001-CH-CS-DP,0,0.0,0.0,0.001666667,0.001666667,0.001666667,0.001666667,0.001666667,0.0,0.001666667,0.0,0.0
BU-CA-MS001-CH-CS-DP,12,0.0,0.0,0.008957557,0.411887222,0.010480073,0.00496889,0.187563192,0.0,0.311809776,0.0,0.0
BU-CA-MS001-CH-CS-DP,24,0.0,0.0,0.05736571,0.384467789,0.020655594,0.001759671,0.433408662,0.0,0.430675892,0.0,0.0
BU-CA-MS001-CS,0,0.0,0.0,0.0,0.0025,0.0025,0.0025,0.0,0.0,0.0025,0.0,0.0
BU-CA-MS001-CS,12,0.0,0.0,0.0,0.435532615,0.030622348,0.003774137,0.0,0.0,0.497570886,0.0,0.0
BU-CA-MS001-CS,24,0.0,0.0,0.0,0.435939032,0.052722339,0.008439587,0.0,0.0,0.781565697,0.0,0.0
BU-CA-MS008-CH-CS,0,0.0,0.0,0.002,0.002,0.002,0.002,0.0,0.0,0.0,0.002,0.0
BU-CA-MS008-CH-CS,12,0.0,0.0,0.025518845,0.431386407,0.049845203,0.003723549,0.0,0.0,0.0,0.372192653,0.0
BU-CA-MS008-CH-CS,24,0.0,0.0,0.042141011,0.428914733,0.136184174,0.017251335,0.0,0.0,0.0,0.580842019,0.0
BU-CA-MS008-CH-CS-DP,0,0.0,0.0,0.001666667,0.001666667,0.001666667,0.001666667,0.001666667,0.0,0.0,0.001666667,0.0
BU-CA-MS008-CH-CS-DP,12,0.0,0.0,0.023024861,0.389497257,0.014183074,0.003268924,0.097566994,0.0,0.0,0.347125561,0.0
BU-CA-MS008-CH-CS-DP,24,0.0,0.0,0.045830167,0.42576751,0.07111172,0.007675444,0.437596055,0.0,0.0,0.474352406,0.0
BU-CA-MS008-CS-DP,0,0.0,0.0,0.0,0.002,0.002,0.002,0.002,0.0,0.0,0.002,0.0
BU-CA-MS008-CS-DP,12,0.0,0.0,0.0,0.349910878,0.013291224,0.003534315,0.056298723,0.0,0.0,0.412464898,0.0
BU-CA-MS008-CS-DP,24,0.0,0.0,0.0,0.332863203,0.115801213,0.025348805,0.259539089,0.0,0.0,0.707781034,0.0
BU-CA-MS014-CH-CS-DP,0,0.0,0.0,0.001666667,0.001666667,0.001666667,0.001666667,0.001666667,0.0,0.0,0.0,0.001666667
BU-CA-MS014-CH-CS-DP,12,0.0,0.0,0.012135009,0.320686603,0.010769453,0.006572454,0.167893192,0.0,0.0,0.0,0.358776614
BU-CA-MS014-CH-CS-DP,24,0.0,0.0,0.029186271,0.367293577,0.037111508,0.003019007,0.55876092,0.0,0.0,0.0,0.348128685
BU-CA-MS014-CH-DP,0,0.0,0.0,0.002,0.002,0.0,0.002,0.002,0.0,0.0,0.0,0.002
BU-CA-MS014-CH-DP,12,0.0,0.0,0.011684642,0.396043248,0.0,0.002495983,0.122097366,0.0,0.0,0.0,0.252512093
BU-CA-MS014-CH-DP,24,0.0,0.0,0.028494041,0.379331587,0.0,0.001843085,0.484620941,0.0,0.0,0.0,0.375376999
BU-CA-MS014-CS-DP,0,0.0,0.0,0.0,0.002,0.002,0.002,0.002,0.0,0.0,0.0,0.002
BU-CA-MS014-CS-DP,12,0.0,0.0,0.0,0.347906202,0.011579986,0.006548518,0.066982352,0.0,0.0,0.0,0.493816294
BU-CA-MS014-CS-DP,24,0.0,0.0,0.0,0.203494463,0.068609707,0.014693651,0.635799771,0.0,0.0,0.0,0.59265244
BU-CA-MS014-DP,0,0.0,0.0,0.0,0.0025,0.0,0.0025,0.0025,0.0,0.0,0.0,0.0025
BU-CA-MS014-DP,12,0.0,0.0,0.0,0.410533961,0.0,0.004236613,0.063009538,0.0,0.0,0.0,0.615553252
BU-CA-MS014-DP,24,0.0,0.0,0.0,0.385418499,0.0,0.009373209,0.387495311,0.0,0.0,0.0,0.857879621
BU-CA_0,0,0.0,0.0,0.0,0.005,0.0,0.005,0.0,0.0,0.0,0.0,0.0
BU-CA_0,12,0.0,0.0,0.0,1.230954535,0.0,0.070045441,0.0,0.0,0.0,0.0,0.0
BU-CA_0,24,0.0,0.0,0.0,0.939759544,0.0,0.133907125,0.0,0.0,0.0,0.0,0.0
BU-DSM-CH-DP,0,0.0,0.0,0.0025,0.0025,0.0,0.0,0.0025,0.0025,0.0,0.0,0.0
BU-DSM-CH-DP,12,0.0,0.0,0.018109649,0.723803737,0.0,0.0,0.199420421,0.07849953,0.0,0.0,0.0
BU-DSM-CH-DP,24,0.0,0.0,0.061516752,0.711119475,0.0,0.0,0.586218257,0.086312183,0.0,0.0,0.0
BU-MS001-CH-CS,0,0.0,0.0,0.0025,0.0025,0.0025,0.0,0.0,0.0,0.0025,0.0,0.0
BU-MS001-CH-CS,12,0.0,0.0,0.014947041,0.385764945,0.035092743,0.0,0.0,0.0,0.460528604,0.0,0.0
BU-MS001-CH-CS,24,0.0,0.0,0.043787642,0.443764365,0.108084154,0.0,0.0,0.0,0.512697158,0.0,0.0
BU-MS001-CH-CS-DP,0,0.0,0.0,0.002,0.002,0.002,0.0,0.002,0.0,0.002,0.0,0.0
BU-MS001-CH-CS-DP,12,0.0,0.0,0.016866356,0.410135639,0.011819612,0.0,0.151682994,0.0,0.324995423,0.0,0.0
BU-MS001-CH-CS-DP,24,0.0,0.0,0.052754147,0.410152034,0.03007201,0.0,0.577444877,0.0,0.393576929,0.0,0.0
BU-MS001-CH-DP,0,0.0,0.0,0.0025,0.0025,0.0,0.0,0.0025,0.0,0.0025,0.0,0.0
BU-MS001-CH-DP,12,0.0,0.0,0.010234616,0.472682547,0.0,0.0,0.162855084,0.0,0.256394417,0.0,0.0
BU-MS001-CH-DP,24,0.0,0.0,0.033500554,0.564846946,0.0,0.0,0.507143859,0.0,0.304341973,0.0,0.0
BU-MS008-CH-CS,0,0.0,0.0,0.0025,0.0025,0.0025,0.0,0.0,0.0,0.0,0.0025,0.0
BU-MS008-CH-CS,12,0.0,0.0,0.014261459,0.379018648,0.037043582,0.0,0.0,0.0,0.0,0.351676336,0.0
BU-MS008-CH-CS,24,0.0,0.0,0.041975556,0.410425901,0.121590925,0.0,0.0,0.0,0.0,0.559674253,0.0
BU-MS008-CH-CS-DP,0,0.0,0.0,0.002,0.002,0.002,0.0,0.002,0.0,0.0,0.002,0.0
BU-MS008-CH-CS-DP,12,0.0,0.0,0.019313899,0.513038105,0.016580739,0.0,0.16466858,0.0,0.0,0.316898661,0.0
BU-MS008-CH-CS-DP,24,0.0,0.0,0.058920828,0.441198401,0.056790689,0.0,0.459352316,0.0,0.0,0.491737761,0.0
BU-MS014-CH-DP,0,0.0,0.0,0.0025,0.0025,0.0,0.0,0.0025,0.0,0.0,0.0,0.0025
BU-MS014-CH-DP,12,0.0,0.0,0.014042947,0.499342208,0.0,0.0,0.098144661,0.0,0.0,0.0,0.324636877
BU-MS014-CH-DP,24,0.0,0.0,0.063253087,0.582098272,0.0,0.0,0.522552232,0.0,0.0,0.0,0.360429785
BV-BT_0,0,0.005,0.005,0.0,0.0,0.0,0.0,0.0,0.0,0.0,0.0,0.0
BV-BT_0,12,1.759245252,0.229921442,0.0,0.0,0.0,0.0,0.0,0.0,0.0,0.0,0.0
BV-BT_0,24,1.38862985,0.378203472,0.0,0.0,0.0,0.0,0.0,0.0,0.0,0.0,0.0
BV-CA-CH,0,0.0,0.003333333,0.003333333,0.0,0.0,0.003333333,0.0,0.0,0.0,0.0,0.0
BV-CA-CH,12,0.0,0.864128514,0.288554248,0.0,0.0,0.019150565,0.0,0.0,0.0,0.0,0.0
BV-CA-CH,24,0.0,0.489037923,0.334929283,0.0,0.0,0.340032779,0.0,0.0,0.0,0.0,0.0
BV-CA-CH-CS,0,0.0,0.0025,0.0025,0.0,0.0025,0.0025,0.0,0.0,0.0,0.0,0.0
BV-CA-CH-CS,12,0.0,0.705599567,0.097379636,0.0,0.067331493,0.00618934,0.0,0.0,0.0,0.0,0.0
BV-CA-CH-CS,24,0.0,0.670641938,0.271291075,0.0,0.261246094,0.099487508,0.0,0.0,0.0,0.0,0.0
BV-CA-CH-CS-DP,0,0.0,0.002,0.002,0.0,0.002,0.002,0.002,0.0,0.0,0.0,0.0
BV-CA-CH-CS-DP,12,0.0,0.223978198,0.105333782,0.0,0.052859305,0.013298362,0.278030354,0.0,0.0,0.0,0.0
BV-CA-CH-CS-DP,24,0.0,0.368751716,0.139738715,0.0,0.204280997,0.03667622,0.495385623,0.0,0.0,0.0,0.0
BV-CA-CS-DP,0,0.0,0.0025,0.0,0.0,0.0025,0.0025,0.0025,0.0,0.0,0.0,0.0
BV-CA-CS-DP,12,0.0,1.124030962,0.0,0.0,0.236289962,0.005655896,0.068356505,0.0,0.0,0.0,0.0
BV-CA-CS-DP,24,0.0,0.498980025,0.0,0.0,0.675408325,0.261264344,0.121347288,0.0,0.0,0.0,0.0
BV-CA-DSM-CH-CS,0,0.0,0.002,0.002,0.0,0.002,0.002,0.0,0.002,0.0,0.0,0.0
BV-CA-DSM-CH-CS,12,0.0,1.056505512,0.139224671,0.0,0.103165638,0.030446501,0.0,0.046324336,0.0,0.0,0.0
BV-CA-DSM-CH-CS,24,0.0,0.493123224,0.124854403,0.0,0.208232524,0.314156381,0.0,0.041633459,0.0,0.0,0.0
BV-CA-DSM-CH-CS-DP,0,0.0,0.001666667,0.001666667,0.0,0.001666667,0.001666667,0.001666667,0.001666667,0.0,0.0,0.0
BV-CA-DSM-CH-CS-DP,12,0.0,0.358721122,0.063310399,0.0,0.017323456,0.01801681,0.176112692,0.036515537,0.0,0.0,0.0
BV-CA-DSM-CH-CS-DP,24,0.0,0.403553844,0.117304838,0.0,0.075871557,0.026058745,0.671724591,0.110486417,0.0,0.0,0.0
BV-CA-DSM-DP,0,0.0,0.0025,0.0,0.0,0.0,0.0025,0.0025,0.0025,0.0,0.0,0.0
BV-CA-DSM-DP,12,0.0,0.567801963,0.0,0.0,0.0,0.007062962,0.117761779,0.20820663,0.0,0.0,0.0
BV-CA-DSM-DP,24,0.0,0.526314192,0.0,0.0,0.0,0.008001326,0.147564423,0.536953337,0.0,0.0,0.0
BV-CA-MS001-CH,0,0.0,0.0025,0.0025,0.0,0.0,0.0025,0.0,0.0,0.0025,0.0,0.0
BV-CA-MS001-CH,12,0.0,0.519841081,0.06990281,0.0,0.0,0.006156325,0.0,0.0,0.283933134,0.0,0.0
BV-CA-MS001-CH,24,0.0,0.571835575,0.142240114,0.0,0.0,0.125925023,0.0,0.0,0.295665957,0.0,0.0
BV-CA-MS001-CH-CS,0,0.0,0.002,0.002,0.0,0.002,0.002,0.0,0.0,0.002,0.0,0.0
BV-CA-MS001-CH-CS,12,0.0,0.404686335,0.100640166,0.0,0.045403778,0.005360866,0.0,0.0,0.340075542,0.0,0.0
BV-CA-MS001-CH-CS,24,0.0,0.414787281,0.085221206,0.0,0.177015359,0.099078332,0.0,0.0,0.422064481,0.0,0.0
BV-CA-MS001-CH-CS-DP,0,0.0,0.001666667,0.001666667,0.0,0.001666667,0.001666667,0.001666667,0.0,0.001666667,0.0,0.0
BV-CA-MS001-CH-CS-DP,12,0.0,0.252621731,0.128278816,0.0,0.019346514,0.022473002,0.177424178,0.0,0.143022415,0.0,0.0
BV-CA-MS001-CH-CS-DP,24,0.0,0.591404817,0.06346676,0.0,0.12768092,0.047123326,0.495310445,0.0,0.285013692,0.0,0.0
BV-CA-MS008-CH,0,0.0,0.0025,0.0025,0.0,0.0,0.0025,0.0,0.0,0.0,0.0025,0.0
BV-CA-MS008-CH,12,0.0,0.402661676,0.07332921,0.0,0.0,0.00540144,0.0,0.0,0.0,0.265441009,0.0
BV-CA-MS008-CH,24,0.0,0.44960069,0.169855814,0.0,0.0,0.189032764,0.0,0.0,0.0,0.407677347,0.0
BV-CA-MS008-CH-CS-DP,0,0.0,0.001666667,0.001666667,0.0,0.001666667,0.001666667,0.001666667,0.0,0.0,0.001666667,0.0
BV-CA-MS008-CH-CS-DP,12,0.0,0.251171509,0.099531123,0.0,0.022941998,0.004187797,0.060772233,0.0,0.0,0.217562012,0.0
BV-CA-MS008-CH-CS-DP,24,0.0,0.076455689,0.090631225,0.0,0.333459785,0.057813094,0.217089274,0.0,0.0,0.544550926,0.0
BV-CA-MS014-CH,0,0.0,0.0025,0.0025,0.0,0.0,0.0025,0.0,0.0,0.0,0.0,0.0025
BV-CA-MS014-CH,12,0.0,0.416482814,0.047751005,0.0,0.0,0.002585684,0.0,0.0,0.0,0.0,0.361347201
BV-CA-MS014-CH,24,0.0,0.4594918,0.11050234,0.0,0.0,0.099505098,0.0,0.0,0.0,0.0,0.30566742
BV-CA-MS014-CH-CS,0,0.0,0.002,0.002,0.0,0.002,0.002,0.0,0.0,0.0,0.0,0.002
BV-CA-MS014-CH-CS,12,0.0,0.495504884,0.067864578,0.0,0.058338333,0.003317563,0.0,0.0,0.0,0.0,0.370141341
BV-CA-MS014-CH-CS,24,0.0,0.368219909,0.138792938,0.0,0.174701683,0.132384943,0.0,0.0,0.0,0.0,0.376567183
BV-CA_0,0,0.0,0.005,0.0,0.0,0.0,0.005,0.0,0.0,0.0,0.0,0.0
BV-CA_0,12,0.0,1.215768651,0.0,0.0,0.0,0.278398007,0.0,0.0,0.0,0.0,0.0
BV-CA_0,24,0.0,1.108138883,0.0,0.0,0.0,0.285361094,0.0,0.0,0.0,0.0,0.0
BV-CH-CS,0,0.0,0.003333333,0.003333333,0.0,0.003333333,0.0,0.0,0.0,0.0,0.0,0.0
BV-CH-CS,12,0.0,0.782450824,0.071395554,0.0,0.058986959,0.0,0.0,0.0,0.0,0.0,0.0
BV-CH-CS,24,0.0,0.414270914,0.299158869,0.0,0.445903506,0.0,0.0,0.0,0.0,0.0,0.0
BV-CH-CS-DP,0,0.0,0.0025,0.0025,0.0,0.0025,0.0,0.0025,0.0,0.0,0.0,0.0
BV-CH-CS-DP,12,0.0,0.338737555,0.111814481,0.0,0.067979638,0.0,0.253468331,0.0,0.0,0.0,0.0
BV-CH-CS-DP,24,0.0,0.345054038,0.267722827,0.0,0.328269511,0.0,0.438453656,0.0,0.0,0.0,0.0
BV-DSM-CH-BU-CS-CA-DP_0,0,0.0,0.001428571,0.001428571,0.001428571,0.001428571,0.001428571,0.001428571,0.001428571,0.0,0.0,0.0
BV-DSM-CH-BU-CS-CA-DP_0,12,0.0,0.142260464,0.124634505,0.756014893,0.061783554,0.022857665,0.080326348,0.34178926,0.0,0.0,0.0
BV-DSM-CH-BU-CS-CA-DP_0,24,0.0,0.28601368,0.082335114,0.347782909,0.197559357,0.056042461,0.057466558,0.361466557,0.0,0.0,0.0
BV-DSM-CH-CS-DP,0,0.0,0.002,0.002,0.0,0.002,0.0,0.002,0.002,0.0,0.0,0.0
BV-DSM-CH-CS-DP,12,0.0,0.552906288,0.066475038,0.0,0.023714614,0.0,0.2834124,0.02982499,0.0,0.0,0.0
BV-DSM-CH-CS-DP,24,0.0,0.36590288,0.07932882,0.0,0.053052957,0.0,0.708372901,0.055509042,0.0,0.0,0.0
BV-MS001-CH-BU-CS-CA-DP_0,0,0.0,0.001428571,0.001428571,0.001428571,0.001428571,0.001428571,0.001428571,0.0,0.001428571,0.0,0.0
BV-MS001-CH-BU-CS-CA-DP_0,12,0.0,0.067700162,0.086380448,0.499195846,0.033567452,0.013168218,0.032485681,0.0,0.540168901,0.0,0.0
BV-MS001-CH-BU-CS-CA-DP_0,24,0.0,0.026135882,0.070855828,0.447496495,0.238162404,0.053219813,0.037107641,0.0,0.605188622,0.0,0.0
BV-MS008-CH-BU-CS-CA-DP_0,0,0.0,0.001428571,0.001428571,0.001428571,0.001428571,0.001428571,0.001428571,0.0,0.0,0.001428571,0.0
BV-MS008-CH-BU-CS-CA-DP_0,12,0.0,0.075292864,0.064235891,0.594705949,0.035311059,0.015368293,0.046051305,0.0,0.0,0.572201297,0.0
BV-MS008-CH-BU-CS-CA-DP_0,24,0.0,0.024274506,0.096626964,0.50158355,0.24961974,0.060020781,0.049181308,0.0,0.0,0.606693168,0.0
BV-MS014-CH-BU-CS-CA-DP_0,0,0.0,0.001428571,0.001428571,0.001428571,0.001428571,0.001428571,0.001428571,0.0,0.0,0.0,0.001428571
BV-MS014-CH-BU-CS-CA-DP_0,12,0.0,0.079691265,0.060735792,0.586400653,0.0384099,0.027832369,0.070485587,0.0,0.0,0.0,0.584944448
BV-MS014-CH-BU-CS-CA-DP_0,24,0.0,0.035295356,0.076885229,0.373051035,0.171465873,0.069321222,0.069972913,0.0,0.0,0.0,0.535175051
BV-MS014-CH-CS,0,0.0,0.0025,0.0025,0.0,0.0025,0.0,0.0,0.0,0.0,0.0,0.0025
BV-MS014-CH-CS,12,0.0,0.43650718,0.057348939,0.0,0.052111949,0.0,0.0,0.0,0.0,0.0,0.352698612
BV-MS014-CH-CS,24,0.0,0.329478131,0.14544476,0.0,0.177186239,0.0,0.0,0.0,0.0,0.0,0.343890892
CA-DSM-CH-CS-DP,0,0.0,0.0,0.002,0.0,0.002,0.002,0.002,0.002,0.0,0.0,0.0
CA-DSM-CH-CS-DP,12,0.0,0.0,0.014356307,0.0,0.00621008,0.002372087,0.112577945,0.015316909,0.0,0.0,0.0
CA-DSM-CH-CS-DP,24,0.0,0.0,0.010339867,0.0,0.010153879,0.001801186,0.206579762,0.024791958,0.0,0.0,0.0
CA-MS001-CH-CS,0,0.0,0.0,0.0025,0.0,0.0025,0.0025,0.0,0.0,0.0025,0.0,0.0
CA-MS001-CH-CS,12,0.0,0.0,0.012020086,0.0,0.01383693,0.000704336,0.0,0.0,0.179105318,0.0,0.0
CA-MS001-CH-CS,24,0.0,0.0,0.010894528,0.0,0.040363789,0.004020046,0.0,0.0,0.335221616,0.0,0.0
CA-MS001-CH-CS-DP,0,0.0,0.0,0.002,0.0,0.002,0.002,0.002,0.0,0.002,0.0,0.0
CA-MS001-CH-CS-DP,12,0.0,0.0,0.008729676,0.0,0.005633158,0.000933132,0.100656323,0.0,0.10738105,0.0,0.0
CA-MS001-CH-CS-DP,24,0.0,0.0,0.005580611,0.0,0.009390994,0.00174311,0.20311491,0.0,0.115003689,0.0,0.0
CA-MS008-CH-CS,0,0.0,0.0,0.0025,0.0,0.0025,0.0025,0.0,0.0,0.0,0.0025,0.0
CA-MS008-CH-CS,12,0.0,0.0,0.01481435,0.0,0.033227255,0.004737656,0.0,0.0,0.0,0.233387408,0.0
CA-MS008-CH-CS,24,0.0,0.0,0.012723532,0.0,0.044954216,0.021173751,0.0,0.0,0.0,0.396481809,0.0
CA-MS008-CH-CS-DP,0,0.0,0.0,0.002,0.0,0.002,0.002,0.002,0.0,0.0,0.002,0.0
CA-MS008-CH-CS-DP,12,0.0,0.0,0.009633351,0.0,0.009225315,0.000983488,0.080938528,0.0,0.0,0.123385993,0.0
CA-MS008-CH-CS-DP,24,0.0,0.0,0.007267063,0.0,0.034821971,0.004789849,0.15256947,0.0,0.0,0.25388498,0.0
CA-MS014-CH-CS,0,0.0,0.0,0.0025,0.0,0.0025,0.0025,0.0,0.0,0.0,0.0,0.0025
CA-MS014-CH-CS,12,0.0,0.0,0.010354234,0.0,0.019482865,0.0004624,0.0,0.0,0.0,0.0,0.187700503
CA-MS014-CH-CS,24,0.0,0.0,0.019599133,0.0,0.052613003,0.004055808,0.0,0.0,0.0,0.0,0.383732044
CH-BT_0,0,0.005,0.0,0.005,0.0,0.0,0.0,0.0,0.0,0.0,0.0,0.0
CH-BT_0,12,1.848360128,0.0,0.114973217,0.0,0.0,0.0,0.0,0.0,0.0,0.0,0.0
CH-BT_0,24,1.238869079,0.0,0.036630937,0.0,0.0,0.0,0.0,0.0,0.0,0.0,0.0
CH-BU_0,0,0.0,0.0,0.005,0.005,0.0,0.0,0.0,0.0,0.0,0.0,0.0
CH-BU_0,12,0.0,0.0,0.15348373,1.235182956,0.0,0.0,0.0,0.0,0.0,0.0,0.0
CH-BU_0,24,0.0,0.0,0.227194306,0.937805652,0.0,0.0,0.0,0.0,0.0,0.0,0.0
CH-CA_0,0,0.0,0.0,0.005,0.0,0.0,0.005,0.0,0.0,0.0,0.0,0.0
CH-CA_0,12,0.0,0.0,0.218695908,0.0,0.0,0.082304089,0.0,0.0,0.0,0.0,0.0
CH-CA_0,24,0.0,0.0,0.148478455,0.0,0.0,0.151354881,0.0,0.0,0.0,0.0,0.0
CH-CS_0,0,0.0,0.0,0.005,0.0,0.005,0.0,0.0,0.0,0.0,0.0,0.0
CH-CS_0,12,0.0,0.0,0.319806616,0.0,0.526860034,0.0,0.0,0.0,0.0,0.0,0.0
CH-CS_0,24,0.0,0.0,0.239503103,0.0,0.648996918,0.0,0.0,0.0,0.0,0.0,0.0
CS-BT_0,0,0.005,0.0,0.0,0.0,0.005,0.0,0.0,0.0,0.0,0.0,0.0
CS-BT_0,12,1.974250319,0.0,0.0,0.0,0.320583,0.0,0.0,0.0,0.0,0.0,0.0
CS-BT_0,24,1.692240411,0.0,0.0,0.0,0.377759618,0.0,0.0,0.0,0.0,0.0,0.0
CS-BU_0,0,0.0,0.0,0.0,0.005,0.005,0.0,0.0,0.0,0.0,0.0,0.0
CS-BU_0,12,0.0,0.0,0.0,0.882400116,0.742933219,0.0,0.0,0.0,0.0,0.0,0.0
CS-BU_0,24,0.0,0.0,0.0,0.688211432,0.677121873,0.0,0.0,0.0,0.0,0.0,0.0
CS-BV_0,0,0.0,0.005,0.0,0.0,0.005,0.0,0.0,0.0,0.0,0.0,0.0
CS-BV_0,12,0.0,1.001307491,0.0,0.0,0.358525845,0.0,0.0,0.0,0.0,0.0,0.0
CS-BV_0,24,0.0,1.018079541,0.0,0.0,0.145087177,0.0,0.0,0.0,0.0,0.0,0.0
CS-DP_0,0,0.0,0.0,0.0,0.0,0.005,0.0,0.005,0.0,0.0,0.0,0.0
CS-DP_0,12,0.0,0.0,0.0,0.0,0.344121404,0.0,0.145211948,0.0,0.0,0.0,0.0
CS-DP_0,24,0.0,0.0,0.0,0.0,0.189840092,0.0,0.234493228,0.0,0.0,0.0,0.0
DP-BU_0,0,0.0,0.0,0.0,0.005,0.0,0.0,0.005,0.0,0.0,0.0,0.0
DP-BU_0,12,0.0,0.0,0.0,0.724432791,0.0,0.0,0.680025524,0.0,0.0,0.0,0.0
DP-BU_0,24,0.0,0.0,0.0,0.36480403,0.0,0.0,0.893487665,0.0,0.0,0.0,0.0
DP-BV_0,0,0.0,0.005,0.0,0.0,0.0,0.0,0.005,0.0,0.0,0.0,0.0
DP-BV_0,12,0.0,1.413939791,0.0,0.0,0.0,0.0,0.20789352,0.0,0.0,0.0,0.0
DP-BV_0,24,0.0,1.188235427,0.0,0.0,0.0,0.0,0.326731266,0.0,0.0,0.0,0.0
DP-CA_0,0,0.0,0.0,0.0,0.0,0.0,0.005,0.005,0.0,0.0,0.0,0.0
DP-CA_0,12,0.0,0.0,0.0,0.0,0.0,0.002926229,0.131907108,0.0,0.0,0.0,0.0
DP-CA_0,24,0.0,0.0,0.0,0.0,0.0,0.005125868,0.150374126,0.0,0.0,0.0,0.0
DSM-BT_0,0,0.005,0.0,0.0,0.0,0.0,0.0,0.0,0.005,0.0,0.0,0.0
DSM-BT_0,12,1.955203861,0.0,0.0,0.0,0.0,0.0,0.0,0.301296121,0.0,0.0,0.0
DSM-BT_0,24,1.242124183,0.0,0.0,0.0,0.0,0.0,0.0,0.465042455,0.0,0.0,0.0
DSM-BU_0,0,0.0,0.0,0.0,0.005,0.0,0.0,0.0,0.005,0.0,0.0,0.0
DSM-BU_0,12,0.0,0.0,0.0,0.718495757,0.0,0.0,0.0,0.602670904,0.0,0.0,0.0
DSM-BU_0,24,0.0,0.0,0.0,0.455803879,0.0,0.0,0.0,0.654529481,0.0,0.0,0.0
DSM-BV_0,0,0.0,0.005,0.0,0.0,0.0,0.0,0.0,0.005,0.0,0.0,0.0
DSM-BV_0,12,0.0,0.548462136,0.0,0.0,0.0,0.0,0.0,0.940871181,0.0,0.0,0.0
DSM-BV_0,24,0.0,0.353927163,0.0,0.0,0.0,0.0,0.0,0.597906196,0.0,0.0,0.0
DSM-CH-CS-DP-BU-BV-BT-CA_0,0,0.00125,0.00125,0.00125,0.00125,0.00125,0.00125,0.00125,0.00125,0.0,0.0,0.0
DSM-CH-CS-DP-BU-BV-BT-CA_0,12,1.074006217,0.068793552,0.135341326,0.47285259,0.029410725,0.013908409,0.04461936,0.208901129,0.0,0.0,0.0
DSM-CH-CS-DP-BU-BV-BT-CA_0,24,0.879153222,0.020816865,0.125018581,0.247044154,0.049355235,0.034861456,0.037821203,0.233262654,0.0,0.0,0.0
DSM-CH_0,0,0.0,0.0,0.005,0.0,0.0,0.0,0.0,0.005,0.0,0.0,0.0
DSM-CH_0,12,0.0,0.0,0.121029815,0.0,0.0,0.0,0.0,0.225136881,0.0,0.0,0.0
DSM-CH_0,24,0.0,0.0,0.183349663,0.0,0.0,0.0,0.0,0.196983658,0.0,0.0,0.0
DSM-CS_0,0,0.0,0.0,0.0,0.0,0.005,0.0,0.0,0.005,0.0,0.0,0.0
DSM-CS_0,12,0.0,0.0,0.0,0.0,0.143305311,0.0,0.0,0.543361338,0.0,0.0,0.0
DSM-CS_0,24,0.0,0.0,0.0,0.0,0.2156319,0.0,0.0,0.431201436,0.0,0.0,0.0
DSM-DP_0,0,0.0,0.0,0.0,0.0,0.0,0.0,0.005,0.005,0.0,0.0,0.0
DSM-DP_0,12,0.0,0.0,0.0,0.0,0.0,0.0,0.113505934,0.469494056,0.0,0.0,0.0
DSM-DP_0,24,0.0,0.0,0.0,0.0,0.0,0.0,0.201355799,0.386810871,0.0,0.0,0.0
MS001-BU_0,0,0.0,0.0,0.0,0.005,0.0,0.0,0.0,0.0,0.005,0.0,0.0
MS001-BU_0,12,0.0,0.0,0.0,0.400214647,0.0,0.0,0.0,0.0,0.773118687,0.0,0.0
MS001-BU_0,24,0.0,0.0,0.0,0.458238909,0.0,0.0,0.0,0.0,0.845427729,0.0,0.0
MS001-BV_0,0,0.0,0.005,0.0,0.0,0.0,0.0,0.0,0.0,0.005,0.0,0.0
MS001-BV_0,12,0.0,0.228360256,0.0,0.0,0.0,0.0,0.0,0.0,1.252306397,0.0,0.0
MS001-BV_0,24,0.0,0.184921763,0.0,0.0,0.0,0.0,0.0,0.0,0.778078253,0.0,0.0
MS001-CA_0,0,0.0,0.0,0.0,0.0,0.0,0.005,0.0,0.0,0.005,0.0,0.0
MS001-CA_0,12,0.0,0.0,0.0,0.0,0.0,0.012593687,0.0,0.0,0.542406301,0.0,0.0
MS001-CA_0,24,0.0,0.0,0.0,0.0,0.0,0.01025841,0.0,0.0,0.466074921,0.0,0.0
MS001-CH-CS,0,0.0,0.0,0.003333333,0.0,0.003333333,0.0,0.0,0.0,0.003333333,0.0,0.0
MS001-CH-CS,12,0.0,0.0,0.010697962,0.0,0.017450254,0.0,0.0,0.0,0.174518453,0.0,0.0
MS001-CH-CS,24,0.0,0.0,0.024283507,0.0,0.044631982,0.0,0.0,0.0,0.350251196,0.0,0.0
MS001-CH-CS-DP-BU-BV-BT-CA_0,0,0.00125,0.00125,0.00125,0.00125,0.00125,0.00125,0.00125,0.0,0.00125,0.0,0.0
MS001-CH-CS-DP-BU-BV-BT-CA_0,12,0.842660721,0.042401965,0.098717379,0.402269348,0.019037611,0.014389709,0.0257421,0.0,0.501114472,0.0,0.0
MS001-CH-CS-DP-BU-BV-BT-CA_0,24,0.769346418,0.00830126,0.076678711,0.209840355,0.041295032,0.039322753,0.031961932,0.0,0.424920205,0.0,0.0
MS001-CH_0,0,0.0,0.0,0.005,0.0,0.0,0.0,0.0,0.0,0.005,0.0,0.0
MS001-CH_0,12,0.0,0.0,0.095992257,0.0,0.0,0.0,0.0,0.0,0.295841084,0.0,0.0
MS001-CH_0,24,0.0,0.0,0.070376261,0.0,0.0,0.0,0.0,0.0,0.323957073,0.0,0.0
MS001-CS_0,0,0.0,0.0,0.0,0.0,0.005,0.0,0.0,0.0,0.005,0.0,0.0
MS001-CS_0,12,0.0,0.0,0.0,0.0,0.030717766,0.0,0.0,0.0,0.641448911,0.0,0.0
MS001-CS_0,24,0.0,0.0,0.0,0.0,0.049479962,0.0,0.0,0.0,0.499686719,0.0,0.0
MS008-BT_0,0,0.005,0.0,0.0,0.0,0.0,0.0,0.0,0.0,0.0,0.005,0.0
MS008-BT_0,12,1.456026371,0.0,0.0,0.0,0.0,0.0,0.0,0.0,0.0,0.570640286,0.0
MS008-BT_0,24,1.116446298,0.0,0.0,0.0,0.0,0.0,0.0,0.0,0.0,0.877220347,0.0
MS008-BU_0,0,0.0,0.0,0.0,0.005,0.0,0.0,0.0,0.0,0.0,0.005,0.0
MS008-BU_0,12,0.0,0.0,0.0,0.512974141,0.0,0.0,0.0,0.0,0.0,0.770692505,0.0
MS008-BU_0,24,0.0,0.0,0.0,0.334730204,0.0,0.0,0.0,0.0,0.0,0.713769844,0.0
MS008-BV_0,0,0.0,0.005,0.0,0.0,0.0,0.0,0.0,0.0,0.0,0.005,0.0
MS008-BV_0,12,0.0,0.332224589,0.0,0.0,0.0,0.0,0.0,0.0,0.0,1.009108757,0.0
MS008-BV_0,24,0.0,0.184998902,0.0,0.0,0.0,0.0,0.0,0.0,0.0,0.863334401,0.0
MS008-CA_0,0,0.0,0.0,0.0,0.0,0.0,0.005,0.0,0.0,0.0,0.005,0.0
MS008-CA_0,12,0.0,0.0,0.0,0.0,0.0,0.014131727,0.0,0.0,0.0,0.474701592,0.0
MS008-CA_0,24,0.0,0.0,0.0,0.0,0.0,0.009029464,0.0,0.0,0.0,0.427470531,0.0
MS008-CH-CS-DP-BU-BV-BT-CA_0,0,0.00125,0.00125,0.00125,0.00125,0.00125,0.00125,0.00125,0.0,0.0,0.00125,0.0
MS008-CH-CS-DP-BU-BV-BT-CA_0,12,0.757898165,0.04025007,0.095173116,0.390804236,0.020641437,0.012851251,0.031028266,0.0,0.0,0.421520121,0.0
MS008-CH-CS-DP-BU-BV-BT-CA_0,24,0.800436286,0.01822791,0.103362861,0.295722273,0.042306076,0.045323261,0.038906179,0.0,0.0,0.374215168,0.0
MS008-CH_0,0,0.0,0.0,0.005,0.0,0.0,0.0,0.0,0.0,0.0,0.005,0.0
MS008-CH_0,12,0.0,0.0,0.069382113,0.0,0.0,0.0,0.0,0.0,0.0,0.376451249,0.0
MS008-CH_0,24,0.0,0.0,0.053965483,0.0,0.0,0.0,0.0,0.0,0.0,0.296034513,0.0
MS008-CS_0,0,0.0,0.0,0.0,0.0,0.005,0.0,0.0,0.0,0.0,0.005,0.0
MS008-CS_0,12,0.0,0.0,0.0,0.0,0.060791836,0.0,0.0,0.0,0.0,0.594708165,0.0
MS008-CS_0,24,0.0,0.0,0.0,0.0,0.050693956,0.0,0.0,0.0,0.0,0.388639395,0.0
MS008-DP_0,0,0.0,0.0,0.0,0.0,0.0,0.0,0.005,0.0,0.0,0.005,0.0
MS008-DP_0,12,0.0,0.0,0.0,0.0,0.0,0.0,0.061248992,0.0,0.0,0.511584334,0.0
MS008-DP_0,24,0.0,0.0,0.0,0.0,0.0,0.0,0.123169043,0.0,0.0,0.422830942,0.0
MS014-BT_0,0,0.005,0.0,0.0,0.0,0.0,0.0,0.0,0.0,0.0,0.0,0.005
MS014-BT_0,12,1.528466799,0.0,0.0,0.0,0.0,0.0,0.0,0.0,0.0,0.0,0.702033289
MS014-BT_0,24,0.97007931,0.0,0.0,0.0,0.0,0.0,0.0,0.0,0.0,0.0,0.762920677
MS014-BU_0,0,0.0,0.0,0.0,0.005,0.0,0.0,0.0,0.0,0.0,0.0,0.005
MS014-BU_0,12,0.0,0.0,0.0,0.451022181,0.0,0.0,0.0,0.0,0.0,0.0,0.80247781
MS014-BU_0,24,0.0,0.0,0.0,0.407915805,0.0,0.0,0.0,0.0,0.0,0.0,0.692917518
MS014-BV_0,0,0.0,0.005,0.0,0.0,0.0,0.0,0.0,0.0,0.0,0.0,0.005
MS014-BV_0,12,0.0,0.282982659,0.0,0.0,0.0,0.0,0.0,0.0,0.0,0.0,1.028850709
MS014-BV_0,24,0.0,0.25296939,0.0,0.0,0.0,0.0,0.0,0.0,0.0,0.0,0.637697285
MS014-CA_0,0,0.0,0.0,0.0,0.0,0.0,0.005,0.0,0.0,0.0,0.0,0.005
MS014-CA_0,12,0.0,0.0,0.0,0.0,0.0,0.023126778,0.0,0.0,0.0,0.0,0.573706531
MS014-CA_0,24,0.0,0.0,0.0,0.0,0.0,0.020249187,0.0,0.0,0.0,0.0,0.407584143
MS014-CH-CS-DP-BU-BV-BT-CA_0,0,0.00125,0.00125,0.00125,0.00125,0.00125,0.00125,0.00125,0.0,0.0,0.0,0.00125
MS014-CH-CS-DP-BU-BV-BT-CA_0,12,0.891657427,0.039020412,0.077172856,0.474504639,0.023622978,0.03111814,0.05419406,0.0,0.0,0.0,0.412709493
MS014-CH-CS-DP-BU-BV-BT-CA_0,24,0.784587843,0.012727052,0.080902454,0.28495894,0.035605051,0.053374149,0.057978442,0.0,0.0,0.0,0.398199419
MS014-CH_0,0,0.0,0.0,0.005,0.0,0.0,0.0,0.0,0.0,0.0,0.0,0.005
MS014-CH_0,12,0.0,0.0,0.05311185,0.0,0.0,0.0,0.0,0.0,0.0,0.0,0.312721486
MS014-CH_0,24,0.0,0.0,0.08860187,0.0,0.0,0.0,0.0,0.0,0.0,0.0,0.300231445
MS014-CS_0,0,0.0,0.0,0.0,0.0,0.005,0.0,0.0,0.0,0.0,0.0,0.005
MS014-CS_0,12,0.0,0.0,0.0,0.0,0.061267412,0.0,0.0,0.0,0.0,0.0,0.690232575
MS014-CS_0,24,0.0,0.0,0.0,0.0,0.106779921,0.0,0.0,0.0,0.0,0.0,0.603053414
MS014-DP_0,0,0.0,0.0,0.0,0.0,0.0,0.0,0.005,0.0,0.0,0.0,0.005
MS014-DP_0,12,0.0,0.0,0.0,0.0,0.0,0.0,0.1855166,0.0,0.0,0.0,0.433483404
MS014-DP_0,24,0.0,0.0,0.0,0.0,0.0,0.0,0.252101128,0.0,0.0,0.0,0.398232218
MonocultureBT_0,0,0.008733332,0.0,0.0,0.0,0.0,0.0,0.0,0.0,0.0,0.0,0.0
MonocultureBT_0,3,0.0602,0.0,0.0,0.0,0.0,0.0,0.0,0.0,0.0,0.0,0.0
MonocultureBT_0,6,0.505466679,0.0,0.0,0.0,0.0,0.0,0.0,0.0,0.0,0.0,0.0
MonocultureBT_0,9,1.093400021,0.0,0.0,0.0,0.0,0.0,0.0,0.0,0.0,0.0,0.0
MonocultureBT_0,12,1.098699986,0.0,0.0,0.0,0.0,0.0,0.0,0.0,0.0,0.0,0.0
MonocultureBT_0,15,1.044866661,0.0,0.0,0.0,0.0,0.0,0.0,0.0,0.0,0.0,0.0
MonocultureBT_0,18,1.004799981,0.0,0.0,0.0,0.0,0.0,0.0,0.0,0.0,0.0,0.0
MonocultureBT_0,21,0.997233331,0.0,0.0,0.0,0.0,0.0,0.0,0.0,0.0,0.0,0.0
MonocultureBT_0,24,1.018433352,0.0,0.0,0.0,0.0,0.0,0.0,0.0,0.0,0.0,0.0
MonocultureBU_0,0,0.0,0.0,0.0,0.008166665,0.0,0.0,0.0,0.0,0.0,0.0,0.0
MonocultureBU_0,3,0.0,0.0,0.0,0.039466669,0.0,0.0,0.0,0.0,0.0,0.0,0.0
MonocultureBU_0,6,0.0,0.0,0.0,0.203399995,0.0,0.0,0.0,0.0,0.0,0.0,0.0
MonocultureBU_0,9,0.0,0.0,0.0,0.607733329,0.0,0.0,0.0,0.0,0.0,0.0,0.0
MonocultureBU_0,12,0.0,0.0,0.0,0.912499964,0.0,0.0,0.0,0.0,0.0,0.0,0.0
MonocultureBU_0,15,0.0,0.0,0.0,0.904266695,0.0,0.0,0.0,0.0,0.0,0.0,0.0
MonocultureBU_0,18,0.0,0.0,0.0,0.83826667,0.0,0.0,0.0,0.0,0.0,0.0,0.0
MonocultureBU_0,21,0.0,0.0,0.0,0.777666667,0.0,0.0,0.0,0.0,0.0,0.0,0.0
MonocultureBU_0,24,0.0,0.0,0.0,0.736600001,0.0,0.0,0.0,0.0,0.0,0.0,0.0
MonocultureBV_0,0,0.0,0.001599997,0.0,0.0,0.0,0.0,0.0,0.0,0.0,0.0,0.0
MonocultureBV_0,3,0.0,0.031866664,0.0,0.0,0.0,0.0,0.0,0.0,0.0,0.0,0.0
MonocultureBV_0,6,0.0,0.399366646,0.0,0.0,0.0,0.0,0.0,0.0,0.0,0.0,0.0
MonocultureBV_0,9,0.0,0.899999995,0.0,0.0,0.0,0.0,0.0,0.0,0.0,0.0,0.0
MonocultureBV_0,12,0.0,0.994466642,0.0,0.0,0.0,0.0,0.0,0.0,0.0,0.0,0.0
MonocultureBV_0,15,0.0,1.066566685,0.0,0.0,0.0,0.0,0.0,0.0,0.0,0.0,0.0
MonocultureBV_0,18,0.0,1.029666681,0.0,0.0,0.0,0.0,0.0,0.0,0.0,0.0,0.0
MonocultureBV_0,21,0.0,0.994799991,0.0,0.0,0.0,0.0,0.0,0.0,0.0,0.0,0.0
MonocultureBV_0,24,0.0,0.971433341,0.0,0.0,0.0,0.0,0.0,0.0,0.0,0.0,0.0
MonocultureCA_0,0,0.0,0.0,0.0,0.0,0.0,0.010966668,0.0,0.0,0.0,0.0,0.0
MonocultureCA_0,3,0.0,0.0,0.0,0.0,0.0,0.010066668,0.0,0.0,0.0,0.0,0.0
MonocultureCA_0,6,0.0,0.0,0.0,0.0,0.0,0.011333336,0.0,0.0,0.0,0.0,0.0
MonocultureCA_0,9,0.0,0.0,0.0,0.0,0.0,0.01713333,0.0,0.0,0.0,0.0,0.0
MonocultureCA_0,12,0.0,0.0,0.0,0.0,0.0,0.02183333,0.0,0.0,0.0,0.0,0.0
MonocultureCA_0,15,0.0,0.0,0.0,0.0,0.0,0.022233327,0.0,0.0,0.0,0.0,0.0
MonocultureCA_0,18,0.0,0.0,0.0,0.0,0.0,0.022966662,0.0,0.0,0.0,0.0,0.0
MonocultureCA_0,21,0.0,0.0,0.0,0.0,0.0,0.02363333,0.0,0.0,0.0,0.0,0.0
MonocultureCA_0,24,0.0,0.0,0.0,0.0,0.0,0.022799998,0.0,0.0,0.0,0.0,0.0
MonocultureCH_0,0,0.0,0.0,0.009500001,0.0,0.0,0.0,0.0,0.0,0.0,0.0,0.0
MonocultureCH_0,3,0.0,0.0,0.026033336,0.0,0.0,0.0,0.0,0.0,0.0,0.0,0.0
MonocultureCH_0,6,0.0,0.0,0.066966667,0.0,0.0,0.0,0.0,0.0,0.0,0.0,0.0
MonocultureCH_0,9,0.0,0.0,0.268899987,0.0,0.0,0.0,0.0,0.0,0.0,0.0,0.0
MonocultureCH_0,12,0.0,0.0,0.259633332,0.0,0.0,0.0,0.0,0.0,0.0,0.0,0.0
MonocultureCH_0,15,0.0,0.0,0.309299995,0.0,0.0,0.0,0.0,0.0,0.0,0.0,0.0
MonocultureCH_0,18,0.0,0.0,0.321766664,0.0,0.0,0.0,0.0,0.0,0.0,0.0,0.0
MonocultureCH_0,21,0.0,0.0,0.353233347,0.0,0.0,0.0,0.0,0.0,0.0,0.0,0.0
MonocultureCH_0,24,0.0,0.0,0.341866671,0.0,0.0,0.0,0.0,0.0,0.0,0.0,0.0
MonocultureCS_0,0,0.0,0.0,0.0,0.0,0.007766663,0.0,0.0,0.0,0.0,0.0,0.0
MonocultureCS_0,3,0.0,0.0,0.0,0.0,0.0159,0.0,0.0,0.0,0.0,0.0,0.0
MonocultureCS_0,6,0.0,0.0,0.0,0.0,0.050433337,0.0,0.0,0.0,0.0,0.0,0.0
MonocultureCS_0,9,0.0,0.0,0.0,0.0,0.271666665,0.0,0.0,0.0,0.0,0.0,0.0
MonocultureCS_0,12,0.0,0.0,0.0,0.0,0.400433341,0.0,0.0,0.0,0.0,0.0,0.0
MonocultureCS_0,15,0.0,0.0,0.0,0.0,0.448433339,0.0,0.0,0.0,0.0,0.0,0.0
MonocultureCS_0,18,0.0,0.0,0.0,0.0,0.593699991,0.0,0.0,0.0,0.0,0.0,0.0
MonocultureCS_0,21,0.0,0.0,0.0,0.0,0.673966665,0.0,0.0,0.0,0.0,0.0,0.0
MonocultureCS_0,24,0.0,0.0,0.0,0.0,0.669933338,0.0,0.0,0.0,0.0,0.0,0.0
MonocultureDP_0,0,0.0,0.0,0.0,0.0,0.0,0.0,0.006600002,0.0,0.0,0.0,0.0
MonocultureDP_0,3,0.0,0.0,0.0,0.0,0.0,0.0,0.019833336,0.0,0.0,0.0,0.0
MonocultureDP_0,6,0.0,0.0,0.0,0.0,0.0,0.0,0.0385,0.0,0.0,0.0,0.0
MonocultureDP_0,9,0.0,0.0,0.0,0.0,0.0,0.0,0.076800003,0.0,0.0,0.0,0.0
MonocultureDP_0,12,0.0,0.0,0.0,0.0,0.0,0.0,0.120400006,0.0,0.0,0.0,0.0
MonocultureDP_0,15,0.0,0.0,0.0,0.0,0.0,0.0,0.126866668,0.0,0.0,0.0,0.0
MonocultureDP_0,18,0.0,0.0,0.0,0.0,0.0,0.0,0.138366679,0.0,0.0,0.0,0.0
MonocultureDP_0,21,0.0,0.0,0.0,0.0,0.0,0.0,0.156266659,0.0,0.0,0.0,0.0
MonocultureDP_0,24,0.0,0.0,0.0,0.0,0.0,0.0,0.172033329,0.0,0.0,0.0,0.0
MonocultureDSM_0,0,0.0,0.0,0.0,0.0,0.0,0.0,0.0,0.003499999,0.0,0.0,0.0
MonocultureDSM_0,3,0.0,0.0,0.0,0.0,0.0,0.0,0.0,0.013699998,0.0,0.0,0.0
MonocultureDSM_0,6,0.0,0.0,0.0,0.0,0.0,0.0,0.0,0.187599996,0.0,0.0,0.0
MonocultureDSM_0,9,0.0,0.0,0.0,0.0,0.0,0.0,0.0,0.570199986,0.0,0.0,0.0
MonocultureDSM_0,12,0.0,0.0,0.0,0.0,0.0,0.0,0.0,0.636733333,0.0,0.0,0.0
MonocultureDSM_0,15,0.0,0.0,0.0,0.0,0.0,0.0,0.0,0.643433332,0.0,0.0,0.0
MonocultureDSM_0,18,0.0,0.0,0.0,0.0,0.0,0.0,0.0,0.532299995,0.0,0.0,0.0
MonocultureDSM_0,21,0.0,0.0,0.0,0.0,0.0,0.0,0.0,0.497133334,0.0,0.0,0.0
MonocultureDSM_0,24,0.0,0.0,0.0,0.0,0.0,0.0,0.0,0.488266666,0.0,0.0,0.0
MonocultureMS001_0,0,0.0,0.0,0.0,0.0,0.0,0.0,0.0,0.0,0.007633333,0.0,0.0
MonocultureMS001_0,3,0.0,0.0,0.0,0.0,0.0,0.0,0.0,0.0,0.029333338,0.0,0.0
MonocultureMS001_0,6,0.0,0.0,0.0,0.0,0.0,0.0,0.0,0.0,0.320466667,0.0,0.0
MonocultureMS001_0,9,0.0,0.0,0.0,0.0,0.0,0.0,0.0,0.0,0.509366651,0.0,0.0
MonocultureMS001_0,12,0.0,0.0,0.0,0.0,0.0,0.0,0.0,0.0,0.509666661,0.0,0.0
MonocultureMS001_0,15,0.0,0.0,0.0,0.0,0.0,0.0,0.0,0.0,0.509833315,0.0,0.0
MonocultureMS001_0,18,0.0,0.0,0.0,0.0,0.0,0.0,0.0,0.0,0.499900003,0.0,0.0
MonocultureMS001_0,21,0.0,0.0,0.0,0.0,0.0,0.0,0.0,0.0,0.483266651,0.0,0.0
MonocultureMS001_0,24,0.0,0.0,0.0,0.0,0.0,0.0,0.0,0.0,0.471833328,0.0,0.0
MonocultureMS008_0,0,0.0,0.0,0.0,0.0,0.0,0.0,0.0,0.0,0.0,0.006000002,0.0
MonocultureMS008_0,3,0.0,0.0,0.0,0.0,0.0,0.0,0.0,0.0,0.0,0.017333333,0.0
MonocultureMS008_0,6,0.0,0.0,0.0,0.0,0.0,0.0,0.0,0.0,0.0,0.246199995,0.0
MonocultureMS008_0,9,0.0,0.0,0.0,0.0,0.0,0.0,0.0,0.0,0.0,0.480433324,0.0
MonocultureMS008_0,12,0.0,0.0,0.0,0.0,0.0,0.0,0.0,0.0,0.0,0.478900015,0.0
MonocultureMS008_0,15,0.0,0.0,0.0,0.0,0.0,0.0,0.0,0.0,0.0,0.442800005,0.0
MonocultureMS008_0,18,0.0,0.0,0.0,0.0,0.0,0.0,0.0,0.0,0.0,0.4472,0.0
MonocultureMS008_0,21,0.0,0.0,0.0,0.0,0.0,0.0,0.0,0.0,0.0,0.437366664,0.0
MonocultureMS008_0,24,0.0,0.0,0.0,0.0,0.0,0.0,0.0,0.0,0.0,0.429266691,0.0
MonocultureMS014_0,0,0.0,0.0,0.0,0.0,0.0,0.0,0.0,0.0,0.0,0.0,0.007733334
MonocultureMS014_0,3,0.0,0.0,0.0,0.0,0.0,0.0,0.0,0.0,0.0,0.0,0.029599999
MonocultureMS014_0,6,0.0,0.0,0.0,0.0,0.0,0.0,0.0,0.0,0.0,0.0,0.313333332
MonocultureMS014_0,9,0.0,0.0,0.0,0.0,0.0,0.0,0.0,0.0,0.0,0.0,0.550933321
MonocultureMS014_0,12,0.0,0.0,0.0,0.0,0.0,0.0,0.0,0.0,0.0,0.0,0.624133328
MonocultureMS014_0,15,0.0,0.0,0.0,0.0,0.0,0.0,0.0,0.0,0.0,0.0,0.6183
MonocultureMS014_0,18,0.0,0.0,0.0,0.0,0.0,0.0,0.0,0.0,0.0,0.0,0.575600008
MonocultureMS014_0,21,0.0,0.0,0.0,0.0,0.0,0.0,0.0,0.0,0.0,0.0,0.533999999
MonocultureMS014_0,24,0.0,0.0,0.0,0.0,0.0,0.0,0.0,0.0,0.0,0.0,0.517533341
