Treatments,Time,Sulfate,Lactate,Glucose,FP_abs,DP_abs,Sulfide
DP_1,0.0,0.0,0.0,0.0,0.0,0.01,0.0
DP_1,6.97,0.0,0.0,0.0,1.55219270316121e-05,0.0425094634012514,0.02634987445541
DP_1,10.28,0.0,0.0,0.0,1.5440356306142e-05,0.0585845576012414,0.0419848949220725
DP_1,18.66,0.0,0.0,0.0,3.33769061726423e-05,0.0722332905790645,0.0456789040063725
DP_1,36.58,0.0,0.0,0.0,0.0002632478601232,0.0970034156514709,0.006184378015905
DP_10,0.0,0.66,0.66,0.66,0.0,0.01,0.0
DP_10,6.97,0.66,0.66,0.66,6.19072156272548e-05,0.0530047581158954,0.0423082730247367
DP_10,10.28,0.66,0.66,0.66,0.0001009327480473,0.202998131452148,0.171862932555238
DP_10,18.66,0.66,0.66,0.66,7.80909377710571e-05,0.243255233256183,0.213641162958335
DP_10,36.58,0.66,0.66,0.66,0.0,0.245866670608521,0.0
DP_2,0.0,0.0,0.0,1.0,0.0,0.01,0.0
DP_2,6.97,0.0,0.0,1.0,2.25891302799791e-05,0.0425107433765356,0.0275926642334967
DP_2,10.28,0.0,0.0,1.0,0.0,0.071999996304512,0.0439014407051625
DP_2,18.66,0.0,0.0,1.0,0.0,0.0717333300908407,0.0489373264047375
DP_2,36.58,0.0,0.0,1.0,5.20146510664672e-05,0.102658756994099,0.024917844548895
DP_3,0.0,0.0,1.0,0.0,0.0,0.01,0.0
DP_3,6.97,0.0,1.0,0.0,0.0,0.040666669011116,0.022782060480795
DP_3,10.28,0.0,1.0,0.0,0.0,0.109933331012726,0.03867340348597
DP_3,18.66,0.0,1.0,0.0,0.0,0.0913333340485891,0.0342648411227125
DP_3,36.58,0.0,1.0,0.0,0.0,0.106333334644636,0.0
DP_4,0.0,0.0,1.0,1.0,0.0,0.01,0.0
DP_4,6.97,0.0,1.0,1.0,6.1481472518709e-06,0.0315938497308228,0.0232589674609467
DP_4,10.28,0.0,1.0,1.0,4.93189249400624e-05,0.0950173421150481,0.058310224937155
DP_4,18.66,0.0,1.0,1.0,8.86424063715896e-05,0.0997780204138087,0.0798271409862325
DP_4,36.58,0.0,1.0,1.0,0.0,0.105599998831749,0.0
DP_5,0.0,1.0,0.0,0.0,0.0,0.01,0.0
DP_5,6.97,1.0,0.0,0.0,2.15478556847747e-05,0.0419117893956605,0.0255424878273867
DP_5,10.28,1.0,0.0,0.0,3.68144944786286e-05,0.0867631839875898,0.0444988910867525
DP_5,18.66,1.0,0.0,0.0,0.0001063444321317,0.0880936578805284,0.07372777988903
DP_5,36.58,1.0,0.0,0.0,0.0,0.135800003409386,0.0278720150121375
DP_6,0.0,1.0,0.0,1.0,0.0,0.01,0.0
DP_6,6.97,1.0,0.0,1.0,0.0,0.0391333295901616,0.023592498864975
DP_6,10.28,1.0,0.0,1.0,4.2200717564075e-05,0.0840244678326094,0.0373872258690375
DP_6,18.66,1.0,0.0,1.0,0.0,0.0933333331346512,0.046684599433575
DP_6,36.58,1.0,0.0,1.0,0.0,0.164803773078427,0.0312011050138125
DP_7,0.0,1.0,1.0,0.0,0.0,0.01,0.0
DP_7,6.97,1.0,1.0,0.0,1.2104150529146e-05,0.050187895658736,0.0462468610129183
DP_7,10.28,1.0,1.0,0.0,0.0,0.19593333641688,0.169064587204605
DP_7,18.66,1.0,1.0,0.0,9.42607412588365e-05,0.249772417973493,0.254208020555442
DP_7,36.58,1.0,1.0,0.0,0.0002170867030751,0.316449570426848,0.028350911357165
DP_8,0.0,1.0,1.0,1.0,0.0,0.01,0.0
DP_8,6.97,1.0,1.0,1.0,3.53077398246763e-05,0.0673646951370929,0.04397884431028
DP_8,10.28,1.0,1.0,1.0,4.78664215656439e-05,0.264818807922179,0.236491009124375
DP_8,18.66,1.0,1.0,1.0,0.0001313051097817,0.281935352433401,0.29167843016671
DP_8,36.58,1.0,1.0,1.0,0.0,0.333266669909159,0.0169836697593325
DP_9,0.0,0.5,0.5,0.5,0.0,0.01,0.0
DP_9,6.97,0.5,0.5,0.5,9.21332481311282e-06,0.0501241186892707,0.04032429374804
DP_9,10.28,0.5,0.5,0.5,3.49844426280376e-05,0.12916501155194,0.0862072502264925
DP_9,18.66,0.5,0.5,0.5,6.86437336999751e-05,0.197398022170027,0.132822123240805
DP_9,36.58,0.5,0.5,0.5,0.0,0.165670009406425,0.0
FP_1,0.0,0.0,0.0,0.0,0.01,0.0,0.0
FP_1,6.97,0.0,0.0,0.0,0.025846692123995,5.06592678564779e-08,0.0
FP_1,10.28,0.0,0.0,0.0,0.0179118140736699,2.15217272957426e-05,0.0
FP_1,18.66,0.0,0.0,0.0,0.0310544468522983,1.22235654873881e-05,0.0
FP_1,36.58,0.0,0.0,0.0,0.0810666674375534,0.0,0.0
FP_10,0.0,0.66,0.66,0.66,0.01,0.0,0.0
FP_10,6.97,0.66,0.66,0.66,0.000732706802715,3.66728568515059e-07,0.0
FP_10,10.28,0.66,0.66,0.66,0.020834504401862,8.99332234766153e-06,0.0
FP_10,18.66,0.66,0.66,0.66,0.0265207813566093,0.0,0.0
FP_10,36.58,0.66,0.66,0.66,0.0763331398747519,6.73972575087526e-05,0.0
FP_2,0.0,0.0,0.0,1.0,0.01,0.0,0.0
FP_2,6.97,0.0,0.0,1.0,0.0044619013540187,3.42820701896378e-06,0.0
FP_2,10.28,0.0,0.0,1.0,0.0238574034414109,9.26430608661038e-06,0.0
FP_2,18.66,0.0,0.0,1.0,0.0331700190432801,2.99810838764474e-05,0.0
FP_2,36.58,0.0,0.0,1.0,0.0789867964712694,0.0,0.0
FP_3,0.0,0.0,1.0,0.0,0.01,0.0,0.0
FP_3,6.97,0.0,1.0,0.0,0.0,0.0,0.0
FP_3,10.28,0.0,1.0,0.0,0.0052000005046526,0.0,0.0
FP_3,18.66,0.0,1.0,0.0,0.0255274521846438,5.88064006322336e-06,0.0
FP_3,36.58,0.0,1.0,0.0,0.0497018631750938,9.27403846742173e-06,0.0
FP_4,0.0,0.0,1.0,1.0,0.01,0.0,0.0
FP_4,6.97,0.0,1.0,1.0,0.0007999095090809,9.35029403914796e-08,0.0
FP_4,10.28,0.0,1.0,1.0,0.0313912960229258,8.70095313192007e-06,0.0
FP_4,18.66,0.0,1.0,1.0,0.0215790101145094,2.09923332546503e-05,0.0
FP_4,36.58,0.0,1.0,1.0,0.063506777495386,0.0,0.0
FP_5,0.0,1.0,0.0,0.0,0.01,0.0,0.0
FP_5,6.97,1.0,0.0,0.0,0.001865332415074,1.3354516327963e-06,0.0
FP_5,10.28,1.0,0.0,0.0,0.0188570233515363,4.82209863957394e-06,0.0
FP_5,18.66,1.0,0.0,0.0,0.0237031277931968,3.02093309919707e-05,0.0
FP_5,36.58,1.0,0.0,0.0,0.0857522307110555,0.0,0.0
FP_6,0.0,1.0,0.0,1.0,0.01,0.0,0.0
FP_6,6.97,1.0,0.0,1.0,0.0058600278973095,5.67055563389211e-06,0.0
FP_6,10.28,1.0,0.0,1.0,0.0233893701293042,1.06280189781373e-05,0.0
FP_6,18.66,1.0,0.0,1.0,0.0272659948505158,6.7338641763261e-05,0.0
FP_6,36.58,1.0,0.0,1.0,0.065066664814949,0.0,0.0
FP_7,0.0,1.0,1.0,0.0,0.01,0.0,0.0
FP_7,6.97,1.0,1.0,0.0,0.0,0.0,0.0
FP_7,10.28,1.0,1.0,0.0,0.017593982461414,6.01684717208183e-06,0.0
FP_7,18.66,1.0,1.0,0.0,0.0182484550987894,1.82072604483119e-05,0.0
FP_7,36.58,1.0,1.0,0.0,0.0730811997368472,0.0,0.0
FP_8,0.0,1.0,1.0,1.0,0.01,0.0,0.0
FP_8,6.97,1.0,1.0,1.0,0.0020666687687238,0.0,0.0
FP_8,10.28,1.0,1.0,1.0,0.0165916250322411,5.96471236257936e-06,0.0
FP_8,18.66,1.0,1.0,1.0,0.0197925017467852,7.49506635308501e-06,0.0
FP_8,36.58,1.0,1.0,1.0,0.0618764485891311,0.0,0.0
FP_9,0.0,0.5,0.5,0.5,0.01,0.0,0.0
FP_9,6.97,0.5,0.5,0.5,0.0019981318111996,1.8691623429037e-06,0.0
FP_9,10.28,0.5,0.5,0.5,0.0231146853262101,0.0,0.0
FP_9,18.66,0.5,0.5,0.5,0.0357036435289267,2.96930786884316e-05,0.0
FP_9,36.58,0.5,0.5,0.5,0.0709333364168803,0.0,0.0
Pair_1,0.0,0.0,0.0,0.0,0.01,0.01,0.0
Pair_1,6.97,0.0,0.0,0.0,0.0341460374539408,0.0759206291491476,0.0469019639829317
Pair_1,10.28,0.0,0.0,0.0,0.0691666778954525,0.119589626985039,0.08674142135991
Pair_1,18.66,0.0,0.0,0.0,0.0867323312279343,0.142633023085057,0.0908227722107525
Pair_1,36.58,0.0,0.0,0.0,0.169641993452803,0.148958009869163,0.0101120629256925
Pair_10,0.0,0.66,0.66,0.66,0.01,0.01,0.0
Pair_10,6.97,0.66,0.66,0.66,0.036148319308229,0.091701224768395,0.0836031546925833
Pair_10,10.28,0.66,0.66,0.66,0.0875447400739497,0.24312192555957,0.326123024926735
Pair_10,18.66,0.66,0.66,0.66,0.0827149987848017,0.374737080528614,0.34703863633777
Pair_10,36.58,0.66,0.66,0.66,0.244751165910837,0.352303378673904,0.0399768859578775
Pair_2,0.0,0.0,0.0,1.0,0.01,0.01,0.0
Pair_2,6.97,0.0,0.0,1.0,0.0392300053930503,0.0690540770152349,0.054075676235495
Pair_2,10.28,0.0,0.0,1.0,0.0723476321998628,0.124746528856622,0.091417379233935
Pair_2,18.66,0.0,0.0,1.0,0.101671092869784,0.140928905445392,0.086201912887595
Pair_2,36.58,0.0,0.0,1.0,0.404849224531419,0.169123637148229,0.016991918306255
Pair_3,0.0,0.0,1.0,0.0,0.01,0.01,0.0
Pair_3,6.97,0.0,1.0,0.0,0.0275706583886517,0.0478811938118715,0.0397996175027017
Pair_3,10.28,0.0,1.0,0.0,0.0621088078108518,0.123053982270758,0.0417901334426375
Pair_3,18.66,0.0,1.0,0.0,0.0874310050392672,0.104575721169238,0.0733785838246225
Pair_3,36.58,0.0,1.0,0.0,0.14520332294882,0.128263347961697,0.007301339098755
Pair_4,0.0,0.0,1.0,1.0,0.01,0.01,0.0
Pair_4,6.97,0.0,1.0,1.0,0.0263955255266727,0.0673378094120124,0.0643232259200167
Pair_4,10.28,0.0,1.0,1.0,0.0632479254826747,0.0982187370037196,0.0846007548023925
Pair_4,18.66,0.0,1.0,1.0,0.0813817657297812,0.12067333176622,0.0853411335982525
Pair_4,36.58,0.0,1.0,1.0,0.310700719092032,0.144965956475595,0.012656070586105
Pair_5,0.0,1.0,0.0,0.0,0.01,0.01,0.0
Pair_5,6.97,1.0,0.0,0.0,0.036658894912719,0.0899411067403165,0.0697810271015217
Pair_5,10.28,1.0,0.0,0.0,0.073391069416888,0.141832393462534,0.113682343856395
Pair_5,18.66,1.0,0.0,0.0,0.0874590864165207,0.131407489033224,0.121964837355085
Pair_5,36.58,1.0,0.0,0.0,0.220693137058204,0.202880997908329,0.168587863199895
Pair_6,0.0,1.0,0.0,1.0,0.01,0.01,0.0
Pair_6,6.97,1.0,0.0,1.0,0.0331925078436334,0.0818525843918506,0.0563334409580633
Pair_6,10.28,1.0,0.0,1.0,0.0812025654342608,0.140120912969398,0.067751405968245
Pair_6,18.66,1.0,0.0,1.0,0.0942888237198657,0.148977842613015,0.13707218752863
Pair_6,36.58,1.0,0.0,1.0,0.34935939565746,0.289549895617153,0.124706599586175
Pair_7,0.0,1.0,1.0,0.0,0.01,0.01,0.0
Pair_7,6.97,1.0,1.0,0.0,0.0447547568777633,0.109778584053175,0.107505622940092
Pair_7,10.28,1.0,1.0,0.0,0.0689751782000616,0.235647436569245,0.274634523043665
Pair_7,18.66,1.0,1.0,0.0,0.080421154123348,0.438112169482507,0.332691273505472
Pair_7,36.58,1.0,1.0,0.0,0.193111378053324,0.293888624807698,0.0695642467161925
Pair_8,0.0,1.0,1.0,1.0,0.01,0.01,0.0
Pair_8,6.97,1.0,1.0,1.0,0.0405994919394461,0.105105348126359,0.0908681203676217
Pair_8,10.28,1.0,1.0,1.0,0.101310440004754,0.501742445973646,0.313948971461933
Pair_8,18.66,1.0,1.0,1.0,0.0837119604051382,0.371903793690612,0.368362828946422
Pair_8,36.58,1.0,1.0,1.0,0.265768460156564,0.314182101728796,0.051710606571375
Pair_9,0.0,0.5,0.5,0.5,0.01,0.01,0.0
Pair_9,6.97,0.5,0.5,0.5,0.027866883969515,0.07713311463971,0.06260102116753
Pair_9,10.28,0.5,0.5,0.5,0.0755589145519675,0.175978312274881,0.19668399395962
Pair_9,18.66,0.5,0.5,0.5,0.0976754236759136,0.272969293971664,0.214205337194182
Pair_9,36.58,0.5,0.5,0.5,0.239440757564819,0.266066621978855,0.0147014684325
